<?xml version="1.0" encoding="UTF-8"?>
<list xmlns:xsi="http://www.w3.org/2001/XMLSchema-instance" xsi:noNamespaceSchemaLocation="../data/xsd/adminCommands.xsd">
	<!-- ADMIN COND EXCEPTIONS -->
	<admin command="admin_exceptions" accessLevel="70" />
	<admin command="admin_set_exception" accessLevel="70" confirmDlg="true" />

	<!-- ADMIN ADMIN -->
	<admin command="admin_admin" accessLevel="70" />
	<admin command="admin_admin1" accessLevel="70" />
	<admin command="admin_admin2" accessLevel="70" />
	<admin command="admin_admin3" accessLevel="70" />
	<admin command="admin_admin4" accessLevel="70" />
	<admin command="admin_admin5" accessLevel="70" />
	<admin command="admin_admin6" accessLevel="70" />
	<admin command="admin_admin7" accessLevel="70" />
	<admin command="admin_gmliston" accessLevel="70" />
	<admin command="admin_gmlistoff" accessLevel="70" />
	<admin command="admin_silence" accessLevel="70" />
	<admin command="admin_diet" accessLevel="70" />
	<admin command="admin_tradeoff" accessLevel="70" />
	<admin command="admin_set_mod" accessLevel="70" />
	<admin command="admin_saveolymp" accessLevel="70" />
	<admin command="admin_sethero" accessLevel="70" />
	<admin command="admin_givehero" accessLevel="70" confirmDlg="true" />
	<admin command="admin_endolympiad" accessLevel="70" confirmDlg="true" />
	<admin command="admin_setconfig" accessLevel="70" />
	<admin command="admin_config_server" accessLevel="70" />
	<admin command="admin_gmon" accessLevel="70" />
	<admin command="admin_worldchat" accessLevel="70" />

	<!-- ADMIN ANNOUNCEMENTS -->
	<admin command="admin_announce" accessLevel="70" />
	<admin command="admin_announce_crit" accessLevel="70" />
	<admin command="admin_announce_screen" accessLevel="70" />
	<admin command="admin_announces" accessLevel="70" />

	<!-- ADMIN BAN -->
	<admin command="admin_punishment" accessLevel="70" />
	<admin command="admin_punishment_add" accessLevel="70" confirmDlg="true" />
	<admin command="admin_punishment_remove" accessLevel="70" confirmDlg="true" />

	<!-- ADMIN BBS -->
	<admin command="admin_bbs" accessLevel="70" />

	<!-- ADMIN BUFFS -->
	<admin command="admin_getbuffs" accessLevel="70" />
	<admin command="admin_stopbuff" accessLevel="70" />
	<admin command="admin_stopallbuffs" accessLevel="70" confirmDlg="true" />
	<admin command="admin_areacancel" accessLevel="70" />
	<admin command="admin_removereuse" accessLevel="70" />
	<admin command="admin_switch_gm_buffs" accessLevel="70" />

	<!-- ADMIN CAMERA -->
	<admin command="admin_camera" accessLevel="70" />

	<!-- ADMIN CHANGE ACCESS LEVEL -->
	<admin command="admin_changelvl" accessLevel="70" />

	<!-- ADMIN CH SIEGE -->
	<admin command="admin_chsiege_siegablehall" accessLevel="70" />
	<admin command="admin_chsiege_startSiege" accessLevel="70" />
	<admin command="admin_chsiege_endsSiege" accessLevel="70" />
	<admin command="admin_chsiege_setSiegeDate" accessLevel="70" />
	<admin command="admin_chsiege_addAttacker" accessLevel="70" />
	<admin command="admin_chsiege_removeAttacker" accessLevel="70" />
	<admin command="admin_chsiege_clearAttackers" accessLevel="70" />
	<admin command="admin_chsiege_listAttackers" accessLevel="70" />
	<admin command="admin_chsiege_forwardSiege" accessLevel="70" />

	<!-- ADMIN CLAN -->
	<admin command="admin_clan_info" accessLevel="70" />
	<admin command="admin_clan_changeleader" accessLevel="70" confirmDlg="true" />
	<admin command="admin_clan_show_pending" accessLevel="70" />
	<admin command="admin_clan_force_pending" accessLevel="70" confirmDlg="true" />

	<!-- ADMIN CREATE ITEM -->
	<admin command="admin_itemcreate" accessLevel="70" />
	<admin command="admin_create_item" accessLevel="70" />
	<admin command="admin_create_coin" accessLevel="70" />
	<admin command="admin_give_item_target" accessLevel="70" confirmDlg="true" />
	<admin command="admin_give_item_to_all" accessLevel="70" confirmDlg="true" />

	<!-- ADMIN CURSED WEAPONS -->
	<admin command="admin_cw_info" accessLevel="70" />
	<admin command="admin_cw_remove" accessLevel="70" />
	<admin command="admin_cw_goto" accessLevel="70" />
	<admin command="admin_cw_reload" accessLevel="70" />
	<admin command="admin_cw_add" accessLevel="70" confirmDlg="true" />
	<admin command="admin_cw_info_menu" accessLevel="70" />

	<!-- ADMIN DEBUG -->
	<admin command="admin_debug" accessLevel="70" />

	<!-- ADMIN DELETE -->
	<admin command="admin_delete" accessLevel="70" />

	<!-- ADMIN DISCONNECT -->
	<admin command="admin_character_disconnect" accessLevel="70" />

	<!-- ADMIN DOOR CONTROL -->
	<admin command="admin_open" accessLevel="70" />
	<admin command="admin_close" accessLevel="70" />
	<admin command="admin_openall" accessLevel="70" />
	<admin command="admin_closeall" accessLevel="70" />
	<admin command="admin_showdoors" accessLevel="70" />

	<!-- ADMIN WALL CONTROL -->
	<admin command="admin_showwalls" accessLevel="70" />

	<!-- ADMIN EDIT CHAR -->
	<admin command="admin_edit_character" accessLevel="70" />
	<admin command="admin_current_player" accessLevel="70" />
	<admin command="admin_nokarma" accessLevel="70" />
	<admin command="admin_setkarma" accessLevel="70" />
	<admin command="admin_setfame" accessLevel="70" />
	<admin command="admin_character_list" accessLevel="70" />
	<admin command="admin_character_info" accessLevel="70" />
	<admin command="admin_show_characters" accessLevel="70" />
	<admin command="admin_find_character" accessLevel="70" />
	<admin command="admin_find_ip" accessLevel="70" />
	<admin command="admin_find_account" accessLevel="70" />
	<admin command="admin_find_dualbox" accessLevel="70" />
	<admin command="admin_strict_find_dualbox" accessLevel="70" />
	<admin command="admin_tracert" accessLevel="70" />
	<admin command="admin_rec" accessLevel="70" />
	<admin command="admin_settitle" accessLevel="70" />
	<admin command="admin_changename" accessLevel="70" />
	<admin command="admin_setsex" accessLevel="70" />
	<admin command="admin_setcolor" accessLevel="70" />
	<admin command="admin_settcolor" accessLevel="70" />
	<admin command="admin_setclass" accessLevel="70" />
	<admin command="admin_setpk" accessLevel="70" />
	<admin command="admin_setpvp" accessLevel="70" />
	<admin command="admin_set_pvp_flag" accessLevel="70" />
	<admin command="admin_fullfood" accessLevel="70" />
	<admin command="admin_remove_clan_penalty" accessLevel="70" />
	<admin command="admin_summon_info" accessLevel="70" />
	<admin command="admin_unsummon" accessLevel="70" />
	<admin command="admin_summon_setlvl" accessLevel="70" />
	<admin command="admin_show_pet_inv" accessLevel="70" />
	<admin command="admin_partyinfo" accessLevel="70" />
	<admin command="admin_setnoble" accessLevel="70" confirmDlg="true" />
	<admin command="admin_set_hp" accessLevel="70" />
	<admin command="admin_set_mp" accessLevel="70" />
	<admin command="admin_set_cp" accessLevel="70" />

	<!-- ADMIN EFFECTS -->
	<admin command="admin_invis" accessLevel="70" />
	<admin command="admin_invisible" accessLevel="70" />
	<admin command="admin_setinvis" accessLevel="70" />
	<admin command="admin_vis" accessLevel="70" />
	<admin command="admin_visible" accessLevel="70" />
	<admin command="admin_invis_menu" accessLevel="70" />
	<admin command="admin_earthquake" accessLevel="70" />
	<admin command="admin_earthquake_menu" accessLevel="70" />
	<admin command="admin_bighead" accessLevel="70" />
	<admin command="admin_shrinkhead" accessLevel="70" />
	<admin command="admin_gmspeed" accessLevel="70" />
	<admin command="admin_gmspeed_menu" accessLevel="70" />
	<admin command="admin_unpara_all" accessLevel="70" />
	<admin command="admin_para_all" accessLevel="70" />
	<admin command="admin_unpara" accessLevel="70" />
	<admin command="admin_para" accessLevel="70" />
	<admin command="admin_unpara_all_menu" accessLevel="70" />
	<admin command="admin_para_all_menu" accessLevel="70" />
	<admin command="admin_unpara_menu" accessLevel="70" />
	<admin command="admin_para_menu" accessLevel="70" />
	<admin command="admin_polyself" accessLevel="70" />
	<admin command="admin_unpolyself" accessLevel="70" />
	<admin command="admin_polyself_menu" accessLevel="70" />
	<admin command="admin_unpolyself_menu" accessLevel="70" />
	<admin command="admin_clearteams" accessLevel="70" />
	<admin command="admin_setteam_close" accessLevel="70" />
	<admin command="admin_setteam" accessLevel="70" />
	<admin command="admin_social" accessLevel="70" />
	<admin command="admin_social_menu" accessLevel="70" />
	<admin command="admin_effect" accessLevel="70" />
	<admin command="admin_effect_menu" accessLevel="70" />
	<admin command="admin_ave_abnormal" accessLevel="70" />
	<admin command="admin_play_sounds" accessLevel="70" />
	<admin command="admin_play_sound" accessLevel="70" />
	<admin command="admin_atmosphere" accessLevel="70" />
	<admin command="admin_atmosphere_menu" accessLevel="70" />
	<admin command="admin_set_displayeffect" accessLevel="70" />
	<admin command="admin_set_displayeffect_menu" accessLevel="70" />

	<!-- ADMIN ELEMENT -->
	<admin command="admin_setlh" accessLevel="70" />
	<admin command="admin_setlc" accessLevel="70" />
	<admin command="admin_setll" accessLevel="70" />
	<admin command="admin_setlg" accessLevel="70" />
	<admin command="admin_setlb" accessLevel="70" />
	<admin command="admin_setlw" accessLevel="70" />
	<admin command="admin_setls" accessLevel="70" />

	<!-- ADMIN ENCHANT -->
	<admin command="admin_seteh" accessLevel="70" />
	<admin command="admin_setec" accessLevel="70" />
	<admin command="admin_seteg" accessLevel="70" />
	<admin command="admin_setel" accessLevel="70" />
	<admin command="admin_seteb" accessLevel="70" />
	<admin command="admin_setew" accessLevel="70" />
	<admin command="admin_setes" accessLevel="70" />
	<admin command="admin_setle" accessLevel="70" />
	<admin command="admin_setre" accessLevel="70" />
	<admin command="admin_setlf" accessLevel="70" />
	<admin command="admin_setrf" accessLevel="70" />
	<admin command="admin_seten" accessLevel="70" />
	<admin command="admin_setun" accessLevel="70" />
	<admin command="admin_setba" accessLevel="70" />
	<admin command="admin_setbe" accessLevel="70" />
	<admin command="admin_enchant" accessLevel="70" />

	<!-- ADMIN EVENT ENGINE -->
	<admin command="admin_event" accessLevel="70" />
	<admin command="admin_event_new" accessLevel="70" />
	<admin command="admin_event_choose" accessLevel="70" />
	<admin command="admin_event_store" accessLevel="70" />
	<admin command="admin_event_set" accessLevel="70" />
	<admin command="admin_event_change_teams_number" accessLevel="70" />
	<admin command="admin_event_announce" accessLevel="70" />
	<admin command="admin_event_panel" accessLevel="70" />
	<admin command="admin_event_control_begin" accessLevel="70" />
	<admin command="admin_event_control_teleport" accessLevel="70" />
	<admin command="admin_add" accessLevel="70" />
	<admin command="admin_event_see" accessLevel="70" />
	<admin command="admin_event_del" accessLevel="70" />
	<admin command="admin_delete_buffer" accessLevel="70" />
	<admin command="admin_event_control_sit" accessLevel="70" />
	<admin command="admin_event_name" accessLevel="70" />
	<admin command="admin_event_control_kill" accessLevel="70" />
	<admin command="admin_event_control_res" accessLevel="70" />
	<admin command="admin_event_control_poly" accessLevel="70" />
	<admin command="admin_event_control_unpoly" accessLevel="70" />
	<admin command="admin_event_control_transform" accessLevel="70" />
	<admin command="admin_event_control_untransform" accessLevel="70" />
	<admin command="admin_event_control_prize" accessLevel="70" />
	<admin command="admin_event_control_chatban" accessLevel="70" />
	<admin command="admin_event_control_kick" accessLevel="70" />
	<admin command="admin_event_control_finish" accessLevel="70" />

	<!-- ADMIN EVENTS -->
	<admin command="admin_event_menu" accessLevel="70" />
	<admin command="admin_event_start" accessLevel="70" />
	<admin command="admin_event_stop" accessLevel="70" />
	<admin command="admin_event_start_menu" accessLevel="70" />
	<admin command="admin_event_stop_menu" accessLevel="70" />
	<admin command="admin_event_bypass" accessLevel="70" />

	<!-- ADMIN EXP SP -->
	<admin command="admin_add_exp_sp_to_character" accessLevel="70" />
	<admin command="admin_add_exp_sp" accessLevel="70" />
	<admin command="admin_remove_exp_sp" accessLevel="70" />

	<!-- ADMIN FIGHT CALCULATOR -->
	<admin command="admin_fight_calculator" accessLevel="70" />
	<admin command="admin_fight_calculator_show" accessLevel="70" />
	<admin command="admin_fcs" accessLevel="70" />

	<!-- ADMIN FORT SIEGE -->
	<admin command="admin_fortsiege" accessLevel="70" />
	<admin command="admin_add_fortattacker" accessLevel="70" />
	<admin command="admin_list_fortsiege_clans" accessLevel="70" />
	<admin command="admin_clear_fortsiege_list" accessLevel="70" />
	<admin command="admin_spawn_fortdoors" accessLevel="70" />
	<admin command="admin_endfortsiege" accessLevel="70" />
	<admin command="admin_startfortsiege" accessLevel="70" />
	<admin command="admin_setfort" accessLevel="70" />
	<admin command="admin_removefort" accessLevel="70" />

	<!-- ADMIN GEODATA -->
	<admin command="admin_geo_pos" accessLevel="70" />
	<admin command="admin_geo_spawn_pos" accessLevel="70" />
	<admin command="admin_geo_can_see" accessLevel="70" />
	<admin command="admin_geo_can_move" accessLevel="70" />
	<admin command="admin_geogrid" accessLevel="70" />
	<admin command="admin_geomap" accessLevel="70" />

	<!-- ADMIN GEO EDITOR -->
	<admin command="admin_ge_status" accessLevel="70" />
	<admin command="admin_ge_mode" accessLevel="70" />
	<admin command="admin_ge_join" accessLevel="70" />
	<admin command="admin_ge_leave" accessLevel="70" />

	<!-- ADMIN GM -->
	<admin command="admin_gm" accessLevel="70" />

	<!-- ADMIN GM CHAT -->
	<admin command="admin_gmchat" accessLevel="70" />
	<admin command="admin_snoop" accessLevel="70" />
	<admin command="admin_gmchat_menu" accessLevel="70" />

	<!-- ADMIN GRACIA SEEDS -->
	<admin command="admin_gracia_seeds" accessLevel="70" />
	<admin command="admin_kill_tiat" accessLevel="70" />
	<admin command="admin_set_sodstate" accessLevel="70" />

	<!-- ADMIN GRAND BOSS -->
	<admin command="admin_grandboss" accessLevel="70" />
	<admin command="admin_grandboss_skip" accessLevel="70" />
	<admin command="admin_grandboss_respawn" accessLevel="70" />
	<admin command="admin_grandboss_minions" accessLevel="70" />
	<admin command="admin_grandboss_abort" accessLevel="70" />

	<!-- ADMIN HEAL -->
	<admin command="admin_heal" accessLevel="70" />

	<!-- ADMIN HTML -->
	<admin command="admin_html" accessLevel="70" />
	<admin command="admin_loadhtml" accessLevel="70" />

	<!-- ADMIN INSTANCE -->
	<admin command="admin_setinstance" accessLevel="70" />
	<admin command="admin_ghoston" accessLevel="70" />
	<admin command="admin_ghostoff" accessLevel="70" />
	<admin command="admin_createinstance" accessLevel="70" />
	<admin command="admin_destroyinstance" accessLevel="70" />
	<admin command="admin_listinstances" accessLevel="70" />

	<!-- ADMIN INSTANCE ZONE -->
	<admin command="admin_instancezone" accessLevel="70" />
	<admin command="admin_instancezone_clear" accessLevel="70" />

	<!-- ADMIN INVUL -->
	<admin command="admin_invul" accessLevel="70" />
	<admin command="admin_setinvul" accessLevel="70" />

	<!-- ADMIN KICK -->
	<admin command="admin_kick" accessLevel="70" confirmDlg="true" />
	<admin command="admin_kick_non_gm" accessLevel="70" />

	<!-- ADMIN KILL -->
	<admin command="admin_kill" accessLevel="70" />
	<admin command="admin_kill_monster" accessLevel="70" />

	<!-- ADMIN LEVEL -->
	<admin command="admin_add_level" accessLevel="70" />
	<admin command="admin_set_level" accessLevel="70" />

	<!-- ADMIN LOGIN -->
	<admin command="admin_server_gm_only" accessLevel="70" />
	<admin command="admin_server_all" accessLevel="70" />
	<admin command="admin_server_max_player" accessLevel="70" />
	<admin command="admin_server_list_type" accessLevel="70" />
	<admin command="admin_server_list_age" accessLevel="70" />
	<admin command="admin_server_login" accessLevel="70" />

	<!-- ADMIN MAMMON -->
	<admin command="admin_mammon_find" accessLevel="70" />
	<admin command="admin_mammon_respawn" accessLevel="70" />

	<!-- ADMIN MANOR -->
	<admin command="admin_manor" accessLevel="70" />

	<!-- ADMIN MENU -->
	<admin command="admin_char_manage" accessLevel="70" />
	<admin command="admin_teleport_character_to_menu" accessLevel="70" />
	<admin command="admin_recall_char_menu" accessLevel="70" confirmDlg="true" />
	<admin command="admin_recall_party_menu" accessLevel="70" />
	<admin command="admin_recall_clan_menu" accessLevel="70" />
	<admin command="admin_goto_char_menu" accessLevel="70" />
	<admin command="admin_kick_menu" accessLevel="70" />
	<admin command="admin_kill_menu" accessLevel="70" />
	<admin command="admin_ban_menu" accessLevel="70" />
	<admin command="admin_unban_menu" accessLevel="70" />

	<!-- ADMIN MESSAGES -->
	<admin command="admin_msg" accessLevel="70" />

	<!-- ADMIN MOB GROUP -->
	<admin command="admin_mobmenu" accessLevel="70" />
	<admin command="admin_mobgroup_list" accessLevel="70" />
	<admin command="admin_mobgroup_create" accessLevel="70" />
	<admin command="admin_mobgroup_remove" accessLevel="70" />
	<admin command="admin_mobgroup_delete" accessLevel="70" />
	<admin command="admin_mobgroup_spawn" accessLevel="70" />
	<admin command="admin_mobgroup_unspawn" accessLevel="70" />
	<admin command="admin_mobgroup_kill" accessLevel="70" />
	<admin command="admin_mobgroup_idle" accessLevel="70" />
	<admin command="admin_mobgroup_attack" accessLevel="70" />
	<admin command="admin_mobgroup_rnd" accessLevel="70" />
	<admin command="admin_mobgroup_return" accessLevel="70" />
	<admin command="admin_mobgroup_follow" accessLevel="70" />
	<admin command="admin_mobgroup_casting" accessLevel="70" />
	<admin command="admin_mobgroup_nomove" accessLevel="70" />
	<admin command="admin_mobgroup_attackgrp" accessLevel="70" />
	<admin command="admin_mobgroup_invul" accessLevel="70" />

	<!-- ADMIN MONSTER RACE -->
	<admin command="admin_mons" accessLevel="70" />

	<!-- ADMIN PATH NODE -->
	<admin command="admin_pn_info" accessLevel="70" />
	<admin command="admin_show_path" accessLevel="70" />
	<admin command="admin_path_debug" accessLevel="70" />
	<admin command="admin_show_pn" accessLevel="70" />
	<admin command="admin_find_path" accessLevel="70" />

	<!-- ADMIN PETITION -->
	<admin command="admin_view_petitions" accessLevel="70" />
	<admin command="admin_view_petition" accessLevel="70" />
	<admin command="admin_accept_petition" accessLevel="70" />
	<admin command="admin_reject_petition" accessLevel="70" />
	<admin command="admin_reset_petitions" accessLevel="70" />
	<admin command="admin_force_peti" accessLevel="70" />

	<!-- ADMIN P FORGE -->
	<admin command="admin_forge" accessLevel="70" />
	<admin command="admin_forge_values" accessLevel="70" />
	<admin command="admin_forge_send" accessLevel="70" />

	<!-- ADMIN PLEDGE -->
	<admin command="admin_pledge" accessLevel="70" />

	<!-- ADMIN POLYMORPH -->
	<admin command="admin_polymorph" accessLevel="70" />
	<admin command="admin_unpolymorph" accessLevel="70" />
	<admin command="admin_transform" accessLevel="70" />
	<admin command="admin_untransform" accessLevel="70" />
	<admin command="admin_transform_menu" accessLevel="70" />

	<!-- ADMIN PC POINTS -->
	<admin command="admin_pcbangpoints" accessLevel="70" />

	<!-- ADMIN PRIME POINTS -->
	<admin command="admin_primepoints" accessLevel="70" />

	<!-- PREMIUM SYSTEM -->
	<admin command="admin_premium_menu" accessLevel="70" />
	<admin command="admin_premium_add1" accessLevel="70" confirmDlg="true" />
	<admin command="admin_premium_add2" accessLevel="70" confirmDlg="true" />
	<admin command="admin_premium_add3" accessLevel="70" confirmDlg="true" />
	<admin command="admin_premium_info" accessLevel="70" />
	<admin command="admin_premium_remove" accessLevel="70" confirmDlg="true" />

	<!-- ADMIN QUEST -->
	<admin command="admin_quest_reload" accessLevel="70" />
	<admin command="admin_script_load" accessLevel="70" />
	<admin command="admin_script_unload" accessLevel="70" />
	<admin command="admin_show_quests" accessLevel="70" />
	<admin command="admin_quest_info" accessLevel="70" />

	<!-- ADMIN RELOAD -->
	<admin command="admin_reload" accessLevel="70" confirmDlg="true" />

	<!-- ADMIN REPAIR CHAR -->
	<admin command="admin_restore" accessLevel="70" />
	<admin command="admin_repair" accessLevel="70" />

	<!-- ADMIN RES -->
	<admin command="admin_res" accessLevel="70" />
	<admin command="admin_res_monster" accessLevel="70" />

	<!-- ADMIN RIDE -->
	<admin command="admin_ride_horse" accessLevel="70" />
	<admin command="admin_ride_bike" accessLevel="70" />
	<admin command="admin_ride_wyvern" accessLevel="70" />
	<admin command="admin_ride_strider" accessLevel="70" />
	<admin command="admin_ride_guardian" accessLevel="70" />
	<admin command="admin_ride_lion" accessLevel="70" />
	<admin command="admin_ride_wolf" accessLevel="70" />
	<admin command="admin_unride" accessLevel="70" />

	<!-- ADMIN SHOP -->
	<admin command="admin_buy" accessLevel="70" />
	<admin command="admin_gmshop" accessLevel="70" />

	<!-- ADMIN SHOW QUEST -->
	<admin command="admin_charquestmenu" accessLevel="70" />
	<admin command="admin_setcharquest" accessLevel="70" />

	<!-- ADMIN SHUTDOWN -->
	<admin command="admin_server_shutdown" accessLevel="70" confirmDlg="true" />
	<admin command="admin_server_restart" accessLevel="70" confirmDlg="true" />
	<admin command="admin_server_abort" accessLevel="70" />

	<!-- ADMIN CLAN HALL -->
	<admin command="admin_clanhall" accessLevel="70" />
	<admin command="admin_clanhallset" accessLevel="70" />
	<admin command="admin_clanhalldel" accessLevel="70" />
	<admin command="admin_clanhallopendoors" accessLevel="70" />
	<admin command="admin_clanhallclosedoors" accessLevel="70" />
	<admin command="admin_clanhallteleportself" accessLevel="70" />
	
	<!-- ADMIN CASTLE -->
	<admin command="admin_castlemanage" accessLevel="70" />

	<!-- ADMIN SKILL -->
	<admin command="admin_show_skills" accessLevel="70" />
	<admin command="admin_remove_skills" accessLevel="70" />
	<admin command="admin_skill_list" accessLevel="70" />
	<admin command="admin_skill_index" accessLevel="70" />
	<admin command="admin_add_skill" accessLevel="70" />
	<admin command="admin_remove_skill" accessLevel="70" />
	<admin command="admin_get_skills" accessLevel="70" />
	<admin command="admin_reset_skills" accessLevel="70" />
	<admin command="admin_give_all_skills" accessLevel="70" />
	<admin command="admin_give_all_skills_fs" accessLevel="70" />
	<admin command="admin_give_clan_skills" accessLevel="70" />
	<admin command="admin_give_all_clan_skills" accessLevel="70" />
	<admin command="admin_remove_all_skills" accessLevel="70" />
	<admin command="admin_add_clan_skill" accessLevel="70" />
	<admin command="admin_setskill" accessLevel="70" />

	<!-- ADMIN SPAWN -->
	<admin command="admin_show_spawns" accessLevel="70" />
	<admin command="admin_spawn" accessLevel="70" />
	<admin command="admin_spawn_monster" accessLevel="70" />
	<admin command="admin_spawn_index" accessLevel="70" />
	<admin command="admin_unspawnall" accessLevel="70" />
	<admin command="admin_respawnall" accessLevel="70" />
	<admin command="admin_spawn_reload" accessLevel="70" />
	<admin command="admin_npc_index" accessLevel="70" />
	<admin command="admin_spawn_once" accessLevel="70" />
	<admin command="admin_show_npcs" accessLevel="70" />
	<admin command="admin_spawnnight" accessLevel="70" />
	<admin command="admin_spawnday" accessLevel="70" />
	<admin command="admin_instance_spawns" accessLevel="70" />
	<admin command="admin_list_spawns" accessLevel="70" />
	<admin command="admin_list_positions" accessLevel="70" />
	<admin command="admin_spawn_debug_menu" accessLevel="70" />
	<admin command="admin_spawn_debug_print" accessLevel="70" />
	<admin command="admin_spawn_debug_print_menu" accessLevel="70" />

	<!-- ADMIN SUMMON -->
	<admin command="admin_summon" accessLevel="70" />

	<!-- ADMIN TARGET -->
	<admin command="admin_target" accessLevel="70" />

	<!-- ADMIN TARGETSAY -->
	<admin command="admin_targetsay" accessLevel="70" />

	<!-- ADMIN TELEPORT -->
	<admin command="admin_show_moves" accessLevel="70" />
	<admin command="admin_show_moves_other" accessLevel="70" />
	<admin command="admin_show_teleport" accessLevel="70" />
	<admin command="admin_teleport_to_character" accessLevel="70" />
	<admin command="admin_teleportto" accessLevel="70" />
	<admin command="admin_teleport" accessLevel="70" />
	<admin command="admin_move_to" accessLevel="70" />
	<admin command="admin_teleport_character" accessLevel="70" />
	<admin command="admin_recall" accessLevel="70" />
	<admin command="admin_walk" accessLevel="70" />
	<admin command="teleportto" accessLevel="70" />
	<admin command="recall" accessLevel="70" />
	<admin command="admin_recall_npc" accessLevel="70" />
	<admin command="admin_gonorth" accessLevel="70" />
	<admin command="admin_gosouth" accessLevel="70" />
	<admin command="admin_goeast" accessLevel="70" />
	<admin command="admin_gowest" accessLevel="70" />
	<admin command="admin_goup" accessLevel="70" />
	<admin command="admin_godown" accessLevel="70" />
	<admin command="admin_tele" accessLevel="70" />
	<admin command="admin_teleto" accessLevel="70" />
	<admin command="admin_instant_move" accessLevel="70" />
	<admin command="admin_sendhome" accessLevel="70" confirmDlg="true" />

	<!-- ADMIN TERRITORY WAR -->
	<admin command="admin_territory_war" accessLevel="70" />
	<admin command="admin_territory_war_time" accessLevel="70" />
	<admin command="admin_territory_war_start" accessLevel="70" />
	<admin command="admin_territory_war_end" accessLevel="70" />
	<admin command="admin_territory_wards_list" accessLevel="70" />

	<!-- ADMIN TEST -->
	<admin command="admin_stats" accessLevel="70" />
	<admin command="admin_skill_test" accessLevel="70" />
	<admin command="admin_known" accessLevel="70" />

	<!-- ADMIN TVT EVENT -->
	<admin command="admin_tvt_add" accessLevel="70" />
	<admin command="admin_tvt_remove" accessLevel="70" />
	<admin command="admin_tvt_advance" accessLevel="70" />

	<!-- ADMIN UNBLOCK IP -->
	<admin command="admin_unblockip" accessLevel="70" />

	<!-- ADMIN VITALITY -->
	<admin command="admin_set_vitality" accessLevel="70" />
	<admin command="admin_set_vitality_level" accessLevel="70" />
	<admin command="admin_full_vitality" accessLevel="70" />
	<admin command="admin_empty_vitality" accessLevel="70" />
	<admin command="admin_get_vitality" accessLevel="70" />

	<!-- ADMIN ZONE -->
	<admin command="admin_zone_check" accessLevel="70" />
	<admin command="admin_zone_visual" accessLevel="70" />
	<admin command="admin_zone_visual_clear" accessLevel="70" />

	<!-- ADMIN SCAN -->
	<admin command="admin_scan" accessLevel="70" />
	<admin command="admin_deleteNpcByObjectId" accessLevel="70" confirmDlg="true" />

	<!-- ADMIN SERVERINFO -->
	<admin command="admin_serverinfo" accessLevel="70" />

	<!-- VOICE COMMANDS -->
	<admin command="banchat" accessLevel="70" />
	<admin command="debug" accessLevel="70" />
	<admin command="unbanchat" accessLevel="70" />
</list>