<?xml version="1.0" encoding="UTF-8"?>
<list xmlns:xsi="http://www.w3.org/2001/XMLSchema-instance" xsi:noNamespaceSchemaLocation="../data/xsd/MentorCoins.xsd">
	<mentee level="10" coins="1" />
	<mentee level="20" coins="25" />
	<mentee level="30" coins="30" />
	<mentee level="40" coins="63" />
	<mentee level="50" coins="68" />
	<mentee level="51" coins="16" />
	<mentee level="52" coins="7" />
	<mentee level="53" coins="9" />
	<mentee level="54" coins="11" />
	<mentee level="55" coins="13" />
	<mentee level="56" coins="16" />
	<mentee level="57" coins="19" />
	<mentee level="58" coins="23" />
	<mentee level="59" coins="29" />
	<mentee level="60" coins="37" />
	<mentee level="61" coins="51" />
	<mentee level="62" coins="20" />
	<mentee level="63" coins="24" />
	<mentee level="64" coins="30" />
	<mentee level="65" coins="36" />
	<mentee level="66" coins="44" />
	<mentee level="67" coins="55" />
	<mentee level="68" coins="67" />
	<mentee level="69" coins="84" />
	<mentee level="70" coins="107" />
	<mentee level="71" coins="120" />
	<mentee level="72" coins="92" />
	<mentee level="73" coins="114" />
	<mentee level="74" coins="139" />
	<mentee level="75" coins="172" />
	<mentee level="76" coins="213" />
	<mentee level="77" coins="629" />
	<mentee level="78" coins="322" />
	<mentee level="79" coins="413" />
	<mentee level="80" coins="491" />
	<mentee level="81" coins="663" />
	<mentee level="82" coins="746" />
	<mentee level="83" coins="850" />
	<mentee level="84" coins="987" />
	<mentee level="85" coins="1149" />
	<mentee level="86" coins="2015" />
</list>
