<?xml version="1.0" encoding="UTF-8"?>
<list xmlns:xsi="http://www.w3.org/2001/XMLSchema-instance" xsi:noNamespaceSchemaLocation="xsd/AppearanceStones.xsd">
	<!-- Normal -->
	<appearance_stone id="22402" targetType="WEAPON" type="NORMAL" cost="800000"><!-- Weapon Appearance Stone (R-grade) -->
		<grade>R</grade>
		<grade>R95</grade>
		<grade>R99</grade>
	</appearance_stone>
	<appearance_stone id="22403" targetType="WEAPON" type="NORMAL" cost="800000"> <!-- Weapon Appearance Stone (S-grade) -->
		<grade>S</grade>
		<grade>S80</grade>
	</appearance_stone>
	<appearance_stone id="22404" targetType="WEAPON" type="NORMAL" grade="A" cost="800000" /> <!-- Weapon Appearance Stone (A-grade) -->
	<appearance_stone id="22405" targetType="WEAPON" type="NORMAL" grade="B" cost="800000" /> <!-- Weapon Appearance Stone (B-grade) -->
	<appearance_stone id="22406" targetType="WEAPON" type="NORMAL" grade="C" cost="800000" /> <!-- Weapon Appearance Stone (C-grade) -->
	<appearance_stone id="22407" targetType="WEAPON" type="NORMAL" grade="D" cost="800000" /> <!-- Weapon Appearance Stone (D-grade) -->

	<!--Blessed -->
	<appearance_stone id="22408" targetType="WEAPON" type="BLESSED"> <!-- Blessed Weapon Appearance Stone (R-grade) -->
		<grade>R</grade>
		<grade>R95</grade>
		<grade>R99</grade>
	</appearance_stone>
	<appearance_stone id="22409" targetType="WEAPON" type="BLESSED"> <!-- Blessed Weapon Appearance Stone (S-grade) -->
		<grade>S</grade>
		<grade>S80</grade>
	</appearance_stone>
	<appearance_stone id="22410" targetType="WEAPON" type="BLESSED" grade="A" /> <!-- Blessed Weapon Appearance Stone (A-grade) -->
	<appearance_stone id="22411" targetType="WEAPON" type="BLESSED" grade="B" /> <!-- Blessed Weapon Appearance Stone (B-grade) -->
	<appearance_stone id="22412" targetType="WEAPON" type="BLESSED" grade="C" /> <!-- Blessed Weapon Appearance Stone (C-grade) -->
	<appearance_stone id="22413" targetType="WEAPON" type="BLESSED" grade="D" /> <!-- Blessed Weapon Appearance Stone (D-grade) -->

	<!--Restore -->
	<appearance_stone id="22414" targetType="WEAPON" type="RESTORE"> <!-- Weapon Restoration Stone (R-grade) -->
		<grade>R</grade>
		<grade>R95</grade>
		<grade>R99</grade>
	</appearance_stone>
	<appearance_stone id="22415" targetType="WEAPON" type="RESTORE"> <!-- Weapon Restoration Stone (S-grade) -->
		<grade>S</grade>
		<grade>S80</grade>
	</appearance_stone>
	<appearance_stone id="22416" targetType="WEAPON" type="RESTORE" grade="A" /> <!-- Weapon Restoration Stone (A-grade) -->
	<appearance_stone id="22417" targetType="WEAPON" type="RESTORE" grade="B" /> <!-- Weapon Restoration Stone (B-grade) -->
	<appearance_stone id="22418" targetType="WEAPON" type="RESTORE" grade="C" /> <!-- Weapon Restoration Stone (C-grade) -->
	<appearance_stone id="22419" targetType="WEAPON" type="RESTORE" grade="D" /> <!-- Weapon Restoration Stone (D-grade) -->

	<!--Fixed -->
	<appearance_stone id="22666" targetType="WEAPON" type="FIXED" visualId="22650" weaponType="SWORD" /> <!-- Emerald Weapon Appearance Stone: Sword -->
	<appearance_stone id="22727" targetType="WEAPON" type="FIXED" visualId="22711" weaponType="SWORD" /> <!-- Japanese Sword Appearance Stone -->
	<appearance_stone id="36648" targetType="WEAPON" type="FIXED" visualId="22361" weaponType="SWORD" /> <!-- Emerald One-Handed Sword Appearance Stone -->
	<appearance_stone id="23929" targetType="WEAPON" type="FIXED" visualId="23913" weaponType="SWORD" lifeTime="7days" /> <!-- Tears One-Handed Sword Appearance Stone (7 days ) -->
	<appearance_stone id="37833" targetType="WEAPON" type="FIXED" visualId="37689" weaponType="SWORD" lifeTime="15days" /> <!-- Valentine Appearance Stone: One-handed Sword (15 days ) -->
	<appearance_stone id="37849" targetType="WEAPON" type="FIXED" visualId="37689" weaponType="SWORD" lifeTime="30days" /> <!-- Valentine Appearance Stone: One-handed Sword (30 days ) -->
	<appearance_stone id="37908" targetType="WEAPON" type="FIXED" visualId="37945" weaponType="SWORD" /> <!-- Chrono Cithara Appearance Stone: One-handed Sword //TODO: Needs verification -->
	<appearance_stone id="37920" targetType="WEAPON" type="FIXED" visualId="37945" weaponType="SWORD" lifeTime="15days" /> <!-- Chrono Cithara Appearance Stone: One-handed Sword (15 days ) //TODO: Needs verification -->
	<appearance_stone id="37919" targetType="WEAPON" type="FIXED" visualId="10167" weaponType="SWORD" lifeTime="15days" /> <!-- Pig Lollipop Appearance Stone: One-handed Sword (15 days ) -->
	<appearance_stone id="38189" targetType="WEAPON" type="FIXED" visualId="38211" weaponType="SWORD" lifeTime="30days" /> <!-- Blue Mackerel Appearance Stone: One-handed Sword (30 days ) -->
	<appearance_stone id="38200" targetType="WEAPON" type="FIXED" visualId="38211" weaponType="SWORD" /> <!-- Blue Mackerel Appearance Stone: One-handed Sword -->

	<appearance_stone id="22668" targetType="WEAPON" type="FIXED" visualId="22652" weaponType="SWORD" handType="TWO_HANDED" /> <!-- Emerald Weapon Appearance Stone: Two-handed Sword -->
	<appearance_stone id="22729" targetType="WEAPON" type="FIXED" visualId="22713" weaponType="SWORD" handType="TWO_HANDED" /> <!-- Japanese Long Sword Appearance Stone -->
	<appearance_stone id="23931" targetType="WEAPON" type="FIXED" visualId="23915" weaponType="SWORD" handType="TWO_HANDED" /> <!-- Tears Two-handed Sword Appearance Stone -->
	<appearance_stone id="37418" targetType="WEAPON" type="FIXED" visualId="22652" weaponType="SWORD" handType="TWO_HANDED" /> <!-- Emerald Weapon Appearance Stone: Two-handed Sword -->
	<appearance_stone id="36650" targetType="WEAPON" type="FIXED" visualId="22652" weaponType="SWORD" handType="TWO_HANDED" lifeTime="7days" /> <!-- Emerald Weapon Appearance Stone: Two-handed Sword ( 7 days ) -->
	<appearance_stone id="37402" targetType="WEAPON" type="FIXED" visualId="22652" weaponType="SWORD" handType="TWO_HANDED" lifeTime="15days" /> <!-- Emerald Weapon Appearance Stone: Two-handed Sword ( 15 days ) -->
	<appearance_stone id="37834" targetType="WEAPON" type="FIXED" visualId="37690" weaponType="SWORD" handType="TWO_HANDED" lifeTime="15days" /> <!-- Valentine Appearance Stone: Two-handed Sword ( 15 days ) -->
	<appearance_stone id="37850" targetType="WEAPON" type="FIXED" visualId="37690" weaponType="SWORD" handType="TWO_HANDED" lifeTime="30days" /> <!-- Valentine Appearance Stone: Two-handed Sword ( 30 days ) -->
	<appearance_stone id="38191" targetType="WEAPON" type="FIXED" visualId="38213" weaponType="SWORD" handType="TWO_HANDED" lifeTime="30days" /> <!-- Shark Appearance Stone: Two-handed Sword ( 30 days ) -->
	<appearance_stone id="38202" targetType="WEAPON" type="FIXED" visualId="38213" weaponType="SWORD" handType="TWO_HANDED" /> <!-- Shark Appearance Stone: Two-handed Sword -->


	<appearance_stone id="22667" targetType="WEAPON" type="FIXED" visualId="22651" weaponType="DAGGER" /> <!-- Emerald Weapon Appearance Stone: Dagger -->
	<appearance_stone id="22728" targetType="WEAPON" type="FIXED" visualId="22712" weaponType="DAGGER" /> <!-- Japanese Dagger Appearance Stone -->
	<appearance_stone id="23215" targetType="WEAPON" type="FIXED" visualId="22821" weaponType="DAGGER" /> <!-- Steregos' Dagger Appearance Stone -->
	<appearance_stone id="23930" targetType="WEAPON" type="FIXED" visualId="23914" weaponType="DAGGER" /> <!-- Tears Dagger Appearance Stone -->
	<appearance_stone id="37417" targetType="WEAPON" type="FIXED" visualId="36633" weaponType="DAGGER" /> <!-- Emerald Weapon Appearance Stone: Dagger -->
	<appearance_stone id="36649" targetType="WEAPON" type="FIXED" visualId="36633" weaponType="DAGGER" lifeTime="7days" /> <!-- Emerald Weapon Appearance Stone: Dagger ( 7 days ) -->
	<appearance_stone id="37401" targetType="WEAPON" type="FIXED" visualId="36633" weaponType="DAGGER" lifeTime="15days" /> <!-- Emerald Weapon Appearance Stone: Dagger ( 15 days ) -->
	<appearance_stone id="37075" targetType="WEAPON" type="FIXED" visualId="37055" weaponType="DAGGER" /> <!-- Monster Weapon Appearance Stone: Drakos' Dagger -->
	<appearance_stone id="37832" targetType="WEAPON" type="FIXED" visualId="37688" weaponType="DAGGER" lifeTime="15days" /> <!-- Valentine Appearance Stone: Dagger ( 15 days ) -->
	<appearance_stone id="37848" targetType="WEAPON" type="FIXED" visualId="37688" weaponType="DAGGER" lifeTime="30days" /> <!-- Valentine Appearance Stone: Dagger ( 30 days ) -->
	<appearance_stone id="37913" targetType="WEAPON" type="FIXED" visualId="37916" weaponType="DAGGER" /> <!-- Pumpkin Dagger Appearance Stone: Dagger -->
	<appearance_stone id="38176" targetType="WEAPON" type="FIXED" visualId="14296" weaponType="DAGGER" /> <!-- Crystal Dagger Appearance Stone -->
	<appearance_stone id="38190" targetType="WEAPON" type="FIXED" visualId="14296" weaponType="DAGGER" lifeTime="30days" /> <!-- Trumpetfish Appearance Stone: Dagger ( 30 days ) -->
	<appearance_stone id="38201" targetType="WEAPON" type="FIXED" visualId="38212" weaponType="DAGGER" /> <!-- Trumpetfish Appearance Stone: Dagger -->


	<appearance_stone id="22677" targetType="WEAPON" type="FIXED" visualId="22362" weaponType="DUAL" /> <!-- Emerald Weapon Appearance Stone: Dualsword -->
	<appearance_stone id="36659" targetType="WEAPON" type="FIXED" visualId="22362" weaponType="DUAL" lifeTime="7days" /> <!-- Emerald Dualsword Appearance Stone ( 7 days ) -->
	<appearance_stone id="37411" targetType="WEAPON" type="FIXED" visualId="22362" weaponType="DUAL" lifeTime="15days" /> <!-- Emerald Dualsword Appearance Stone ( 15 days ) -->
	<appearance_stone id="22738" targetType="WEAPON" type="FIXED" visualId="22722" weaponType="DUAL" /> <!-- Japanese Dualsword Appearance Stone -->
	<appearance_stone id="23940" targetType="WEAPON" type="FIXED" visualId="23924" weaponType="DUAL" /> <!-- Tears Dualsword Appearance Stone -->
	<appearance_stone id="37070" targetType="WEAPON" type="FIXED" visualId="37050" weaponType="DUAL" /> <!-- Monster Weapon Appearance Stone: Tegaffe's Dualsword -->
	<appearance_stone id="37843" targetType="WEAPON" type="FIXED" visualId="37699" weaponType="DUAL" lifeTime="15days" /> <!-- Valentine Appearance Stone: Dualsword ( 15 days ) -->
	<appearance_stone id="37859" targetType="WEAPON" type="FIXED" visualId="37699" weaponType="DUAL" lifeTime="30days" /> <!-- Valentine Appearance Stone: Dualsword ( 30 days ) -->
	<appearance_stone id="37924" targetType="WEAPON" type="FIXED" visualId="37949" weaponType="DUAL" lifeTime="15days" /> <!-- Chrono Maracas Appearance Stone: Dualsword ( 15 days ) //TODO: Needs verification -->
	<appearance_stone id="37912" targetType="WEAPON" type="FIXED" visualId="37949" weaponType="DUAL" /> <!-- Chrono Maracas Appearance Stone: Dualsword //TODO: Needs verification -->
	<appearance_stone id="38199" targetType="WEAPON" type="FIXED" visualId="38221" weaponType="DUAL" lifeTime="30days" /> <!-- Blue Mackerel Appearance Stone: Dualsword ( 30 days ) -->
	<appearance_stone id="38210" targetType="WEAPON" type="FIXED" visualId="38221" weaponType="DUAL" /> <!-- Blue Mackerel Appearance Stone: Dualsword -->


	<appearance_stone id="22669" targetType="WEAPON" type="FIXED" visualId="22653" weaponType="DUALFIST" /> <!-- Emerald Weapon Appearance Stone: Fist Weapon -->
	<appearance_stone id="22730" targetType="WEAPON" type="FIXED" visualId="22714" weaponType="DUALFIST" /> <!-- Japanese Fist Weapon Appearance Stone -->
	<appearance_stone id="23932" targetType="WEAPON" type="FIXED" visualId="23916" weaponType="DUALFIST" lifeTime="7days" /> <!-- Tears Fist Weapon Appearance Stone ( 7 days ) -->
	<appearance_stone id="37419" targetType="WEAPON" type="FIXED" visualId="22653" weaponType="DUALFIST" /> <!-- Emerald Weapon Appearance Stone: Fist Weapon -->
	<appearance_stone id="36651" targetType="WEAPON" type="FIXED" visualId="22653" weaponType="DUALFIST" lifeTime="7days" /> <!-- Emerald Weapon Appearance Stone: Fist Weapon ( 7 days ) -->
	<appearance_stone id="37403" targetType="WEAPON" type="FIXED" visualId="22653" weaponType="DUALFIST" lifeTime="15days" /> <!-- Emerald Weapon Appearance Stone: Fist Weapon ( 15 days ) -->
	<appearance_stone id="37836" targetType="WEAPON" type="FIXED" visualId="37692" weaponType="DUALFIST" lifeTime="15days" /> <!-- Valentine Appearance Stone: Fist Weapon ( 15 days ) -->
	<appearance_stone id="37852" targetType="WEAPON" type="FIXED" visualId="37692" weaponType="DUALFIST" lifeTime="30days" /> <!-- Valentine Appearance Stone: Fist Weapon ( 30 days ) -->
	<appearance_stone id="37909" targetType="WEAPON" type="FIXED" visualId="37946" weaponType="DUALFIST" /> <!-- Chrono Unitus Appearance Stone: Fist Weapon //TODO: Needs verification -->
	<appearance_stone id="37921" targetType="WEAPON" type="FIXED" visualId="37946" weaponType="DUALFIST" lifeTime="15days" /> <!-- Chrono Unitus Appearance Stone: Fist Weapon ( 15 days ) //TODO: Needs verification -->
	<appearance_stone id="38194" targetType="WEAPON" type="FIXED" visualId="38216" weaponType="DUALFIST" lifeTime="30days" /> <!-- Lobster Appearance Stone: Fist Weapon ( 30 days ) -->
	<appearance_stone id="38205" targetType="WEAPON" type="FIXED" visualId="38216" weaponType="DUALFIST" /> <!-- Lobster Appearance Stone: Fist Weapon -->


	<appearance_stone id="22670" targetType="WEAPON" type="FIXED" visualId="22654" weaponType="POLE" /> <!-- Emerald Weapon Appearance Stone: Spear -->
	<appearance_stone id="22731" targetType="WEAPON" type="FIXED" visualId="22715" weaponType="POLE" /> <!-- Japanese Great Spear Appearance Stone -->
	<appearance_stone id="23933" targetType="WEAPON" type="FIXED" visualId="23917" weaponType="POLE" lifeTime="7days" /> <!-- Tears Spear Appearance Stone ( 7 days ) -->
	<appearance_stone id="37420" targetType="WEAPON" type="FIXED" visualId="22654" weaponType="POLE" /> <!-- Emerald Weapon Appearance Stone: Spear -->
	<appearance_stone id="36652" targetType="WEAPON" type="FIXED" visualId="22654" weaponType="POLE" lifeTime="7days" /> <!-- Emerald Weapon Appearance Stone: Spear ( 7 days ) -->
	<appearance_stone id="37404" targetType="WEAPON" type="FIXED" visualId="22654" weaponType="POLE" lifeTime="15days" /> <!-- Emerald Weapon Appearance Stone: Spear ( 15 days ) -->
	<appearance_stone id="37837" targetType="WEAPON" type="FIXED" visualId="37693" weaponType="POLE" lifeTime="15days" /> <!-- Valentine Appearance Stone: Spear ( 15 days ) -->
	<appearance_stone id="37853" targetType="WEAPON" type="FIXED" visualId="37693" weaponType="POLE" lifeTime="30days" /> <!-- Valentine Appearance Stone: Spear ( 30 days ) -->
	<appearance_stone id="37910" targetType="WEAPON" type="FIXED" visualId="37947" weaponType="POLE" /> <!-- Chrono Campana Appearance Stone: Spear //TODO: Needs verification -->
	<appearance_stone id="37922" targetType="WEAPON" type="FIXED" visualId="37947" weaponType="POLE" lifeTime="15days" /> <!-- Chrono Campana Appearance Stone: Spear ( 15 days ) //TODO: Needs verification -->
	<appearance_stone id="38192" targetType="WEAPON" type="FIXED" visualId="38214" weaponType="POLE" lifeTime="30days" /> <!-- Squid Appearance Stone: Spear ( 30 days ) -->
	<appearance_stone id="38203" targetType="WEAPON" type="FIXED" visualId="38214" weaponType="POLE" /> <!-- Squid Appearance Stone: Spear -->


	<appearance_stone id="22671" targetType="WEAPON" type="FIXED" visualId="22655" weaponType="BOW" /> <!-- Emerald Weapon Appearance Stone: Bow -->
	<appearance_stone id="22732" targetType="WEAPON" type="FIXED" visualId="22716" weaponType="BOW" /> <!-- Japanese Bow Appearance Stone -->
	<appearance_stone id="23934" targetType="WEAPON" type="FIXED" visualId="23918" weaponType="BOW" lifeTime="7days" /> <!-- Tears Bow Appearance Stone ( 7 days ) -->
	<appearance_stone id="22671" targetType="WEAPON" type="FIXED" visualId="22655" weaponType="BOW" /> <!-- Emerald Weapon Appearance Stone: Bow -->
	<appearance_stone id="36653" targetType="WEAPON" type="FIXED" visualId="22655" weaponType="BOW" lifeTime="7days" /> <!-- Emerald Weapon Appearance Stone: Bow ( 7 days ) -->
	<appearance_stone id="22671" targetType="WEAPON" type="FIXED" visualId="22655" weaponType="BOW" lifeTime="15days" /> <!-- Emerald Weapon Appearance Stone: Bow ( 15 days ) -->
	<appearance_stone id="37082" targetType="WEAPON" type="FIXED" visualId="37062" weaponType="BOW" /> <!-- Monster Weapon Appearance Stone: Kanadis' Bow -->
	<appearance_stone id="37083" targetType="WEAPON" type="FIXED" visualId="37063" weaponType="BOW" /> <!-- Monster Weapon Appearance Stone: Centaur's Bow -->
	<appearance_stone id="37838" targetType="WEAPON" type="FIXED" visualId="37694" weaponType="BOW" lifeTime="15days" /> <!-- Valentine Appearance Stone: Bow ( 15 days ) -->
	<appearance_stone id="37854" targetType="WEAPON" type="FIXED" visualId="37694" weaponType="BOW" lifeTime="30days" /> <!-- Valentine Appearance Stone: Bow ( 30 days ) -->
	<appearance_stone id="38195" targetType="WEAPON" type="FIXED" visualId="38217" weaponType="BOW" lifeTime="30days" /> <!-- Giant Crab Appearance Stone: Bow ( 30 days ) -->
	<appearance_stone id="38206" targetType="WEAPON" type="FIXED" visualId="38217" weaponType="BOW" /> <!-- Giant Crab Appearance Stone: Bow -->
	<!-- <appearance_stone id="40297" targetType="WEAPON" type="FIXED" visualId="?" weaponType="BOW" /> --> <!-- Monster Weapon Appearance Stone: Tayga Archer's Bow //TODO: Missing VisualID -->


	<appearance_stone id="22672" targetType="WEAPON" type="FIXED" visualId="22656" weaponType="CROSSBOW" /> <!-- Emerald Weapon Appearance Stone: Crossbow -->
	<appearance_stone id="22733" targetType="WEAPON" type="FIXED" visualId="22717" weaponType="CROSSBOW" /> <!-- Japanese Crossbow Appearance Stone -->
	<appearance_stone id="23935" targetType="WEAPON" type="FIXED" visualId="23919" weaponType="CROSSBOW" lifeTime="7days" /> <!-- Tears Crossbow Appearance Stone ( 7 days ) -->
	<appearance_stone id="36654" targetType="WEAPON" type="FIXED" visualId="22656" weaponType="CROSSBOW" lifeTime="7days" /> <!-- Emerald Weapon Appearance Stone: Crossbow ( 7 days ) -->
	<appearance_stone id="37406" targetType="WEAPON" type="FIXED" visualId="22656" weaponType="CROSSBOW" lifeTime="15days" /> <!-- Emerald Weapon Appearance Stone: Crossbow ( 15 days ) -->
	<appearance_stone id="37422" targetType="WEAPON" type="FIXED" visualId="22656" weaponType="CROSSBOW" /> <!-- Emerald Weapon Appearance Stone: Crossbow -->
	<appearance_stone id="37084" targetType="WEAPON" type="FIXED" visualId="37064" weaponType="CROSSBOW" /> <!-- Monster Weapon Appearance Stone: Spicula's Crossbow -->
	<appearance_stone id="37855" targetType="WEAPON" type="FIXED" visualId="37695" weaponType="CROSSBOW" lifeTime="30days" /> <!-- Valentine Appearance Stone: Crossbow ( 30 days ) -->
	<appearance_stone id="37839" targetType="WEAPON" type="FIXED" visualId="37695" weaponType="CROSSBOW" lifeTime="15days" /> <!-- Valentine Appearance Stone: Crossbow ( 15 days ) -->
	<appearance_stone id="38196" targetType="WEAPON" type="FIXED" visualId="38218" weaponType="CROSSBOW" lifeTime="30days" /> <!-- Crayfish Appearance Stone: Crossbow ( 30 days ) -->
	<appearance_stone id="38207" targetType="WEAPON" type="FIXED" visualId="38218" weaponType="CROSSBOW" /> <!-- Crayfish Appearance Stone: Crossbow -->


	<appearance_stone id="22673" targetType="WEAPON" type="FIXED" visualId="22657" weaponType="BLUNT" /> <!-- Weapon Appearance Stone: One-handed Blunt Weapon -->
	<appearance_stone id="22734" targetType="WEAPON" type="FIXED" visualId="22718" weaponType="BLUNT" /> <!-- Japanese Blunt Appearance Stone -->
	<appearance_stone id="22675" targetType="WEAPON" type="FIXED" visualId="22659" weaponType="BLUNT" magicType="MAGICAL" /> <!-- Emerald Weapon Appearance Stone: One-handed Magic Blunt Weapon -->
	<appearance_stone id="22736" targetType="WEAPON" type="FIXED" visualId="22720" weaponType="BLUNT" magicType="MAGICAL" /> <!-- Japanese Magic Blunt Appearance Stone -->

	<appearance_stone id="22674" targetType="WEAPON" type="FIXED" visualId="22658" weaponType="BLUNT" handType="TWO_HANDED" /> <!-- Emerald Weapon Appearance Stone: Two-handed Blunt Weapon -->
	<appearance_stone id="22735" targetType="WEAPON" type="FIXED" visualId="22719" weaponType="BLUNT" handType="TWO_HANDED" /> <!-- Japanese Giant Blunt Appearance Stone -->
	<appearance_stone id="22676" targetType="WEAPON" type="FIXED" visualId="22660" weaponType="BLUNT" handType="TWO_HANDED" magicType="MAGICAL" /> <!-- Emerald Weapon Appearance Stone: Two-handed Magic Blunt Weapon -->
	<appearance_stone id="22676" targetType="WEAPON" type="FIXED" visualId="38215" weaponType="BLUNT" handType="TWO_HANDED" magicType="MAGICAL" /> <!-- Sea Horse Two-handed Magic Blunt Appearance Stone -->
	<appearance_stone id="22737" targetType="WEAPON" type="FIXED" visualId="22721" weaponType="BLUNT" handType="TWO_HANDED" magicType="MAGICAL" /> <!-- Japanese Giant Magic Blunt Appearance Stone -->


	<appearance_stone id="22678" targetType="WEAPON" type="FIXED" visualId="22662" weaponType="DUALDAGGER" /> <!-- Emerald Weapon Appearance Stone: Dual Dagger -->
	<appearance_stone id="22739" targetType="WEAPON" type="FIXED" visualId="22723" weaponType="DUALDAGGER" /> <!-- Japanese Double Dagger Appearance Stone -->


	<appearance_stone id="22679" targetType="WEAPON" type="FIXED" visualId="22663" weaponType="DUALBLUNT" /> <!-- Emerald Weapon Appearance Stone: Dual Blunt Weapon -->
	<appearance_stone id="22740" targetType="WEAPON" type="FIXED" visualId="22724" weaponType="DUALBLUNT" /> <!-- Japanese Double Blunt Appearance Stone -->


	<!--Armor Appearance Stones -->
	<!--Normal -->
	<appearance_stone id="22682" targetType="ARMOR" type="NORMAL" cost="125000"> <!-- Armor Appearance Stone (R-grade) -->
		<grade>R</grade>
		<grade>R95</grade>
		<grade>R99</grade>
	</appearance_stone>
	<appearance_stone id="22683" targetType="ARMOR" type="NORMAL" cost="125000"> <!-- Armor Appearance Stone (S-grade) -->
		<grade>S</grade>
		<grade>S80</grade>
	</appearance_stone>
	<appearance_stone id="22684" targetType="ARMOR" type="NORMAL" grade="A" cost="125000" /> <!-- Armor Appearance Stone (A-grade) -->
	<appearance_stone id="22685" targetType="ARMOR" type="NORMAL" grade="B" cost="125000" /> <!-- Armor Appearance Stone (B-grade) -->
	<appearance_stone id="22686" targetType="ARMOR" type="NORMAL" grade="C" cost="125000" /> <!-- Armor Appearance Stone (C-grade) -->
	<appearance_stone id="22687" targetType="ARMOR" type="NORMAL" grade="D" cost="125000" /> <!-- Armor Appearance Stone (D-grade) -->

	<!--Blessed -->
	<appearance_stone id="22688" targetType="ARMOR" type="BLESSED"> <!-- Blessed Armor Appearance Stone (R-grade) -->
		<grade>R</grade>
		<grade>R95</grade>
		<grade>R99</grade>
	</appearance_stone>
	<appearance_stone id="22689" targetType="ARMOR" type="BLESSED"> <!--Blessed Armor Appearance Stone (S-grade) -->
		<grade>S</grade>
		<grade>S80</grade>
	</appearance_stone>
	<appearance_stone id="22690" targetType="ARMOR" type="BLESSED" grade="A" /> <!-- Blessed Armor Appearance Stone (A-grade) -->
	<appearance_stone id="22691" targetType="ARMOR" type="BLESSED" grade="B" /> <!-- Blessed Armor Appearance Stone (B-grade) -->
	<appearance_stone id="22692" targetType="ARMOR" type="BLESSED" grade="C" /> <!-- Blessed Armor Appearance Stone (C-grade) -->
	<appearance_stone id="22693" targetType="ARMOR" type="BLESSED" grade="D" /> <!-- Blessed Armor Appearance Stone (D-grade) -->

	<!--Restore -->
	<appearance_stone id="22694" targetType="ARMOR" type="RESTORE"> <!-- Armor Restoration Stone (R-grade) -->
		<grade>R</grade>
		<grade>R95</grade>
		<grade>R99</grade>
	</appearance_stone>
	<appearance_stone id="22695" targetType="ARMOR" type="RESTORE"> <!-- Armor Restoration Stone (S-grade) -->
		<grade>S</grade>
		<grade>S80</grade>
	</appearance_stone>
	<appearance_stone id="22696" targetType="ARMOR" type="RESTORE" grade="A" /> <!-- Armor Restoration Stone (A-grade) -->
	<appearance_stone id="22697" targetType="ARMOR" type="RESTORE" grade="B" /> <!-- Armor Restoration Stone (B-grade) -->
	<appearance_stone id="22698" targetType="ARMOR" type="RESTORE" grade="C" /> <!-- Armor Restoration Stone (C-grade) -->
	<appearance_stone id="22699" targetType="ARMOR" type="RESTORE" grade="D" /> <!-- Armor Restoration Stone (D-grade) -->

	<!--Restore -->
	<appearance_stone id="22700" type="RESTORE"> <!-- Equipment Restoration Stone (R-grade) -->
		<grade>R</grade>
		<grade>R95</grade>
		<grade>R99</grade>
		<targetType>WEAPON</targetType>
		<targetType>ARMOR</targetType>
	</appearance_stone>
	<appearance_stone id="22701" type="RESTORE"> <!-- Equipment Restoration Stone (S-grade) -->
		<grade>S</grade>
		<grade>S80</grade>
		<targetType>WEAPON</targetType>
		<targetType>ARMOR</targetType>
	</appearance_stone>
	<appearance_stone id="22702" type="RESTORE" grade="A"> <!-- Equipment Restoration Stone (A-grade) -->
		<targetType>WEAPON</targetType>
		<targetType>ARMOR</targetType>
	</appearance_stone>
	<appearance_stone id="22703" type="RESTORE" grade="B"> <!-- Equipment Restoration Stone (B-grade) -->
		<targetType>WEAPON</targetType>
		<targetType>ARMOR</targetType>
	</appearance_stone>
	<appearance_stone id="22704" type="RESTORE" grade="C"> <!-- Equipment Restoration Stone (C-grade) -->
		<targetType>WEAPON</targetType>
		<targetType>ARMOR</targetType>
	</appearance_stone>
	<appearance_stone id="22705" type="RESTORE" grade="D"> <!-- Equipment Restoration Stone (D-grade) -->
		<targetType>WEAPON</targetType>
		<targetType>ARMOR</targetType>
	</appearance_stone>

	<!--Fixed -->
	<!-- Metal Suit -->
	<appearance_stone id="23493" targetType="ARMOR" type="FIXED" visualId="23448"> <!-- Metal Top Appearance Stone -->
		<bodyPart>chest</bodyPart>
		<bodyPart>fullarmor</bodyPart>
	</appearance_stone>
	<appearance_stone id="23494" targetType="ARMOR" type="FIXED" visualId="23449" bodyPart="legs" /> <!-- Metal Pants Appearance Stone -->
	<appearance_stone id="23495" targetType="ARMOR" type="FIXED" visualId="23450" bodyPart="gloves" /> <!-- Metal Gloves Appearance Stone -->
	<appearance_stone id="23496" targetType="ARMOR" type="FIXED" visualId="23451" bodyPart="feet" /> <!-- Metal Shoes Appearance Stone -->
	<appearance_stone id="23497" targetType="ACCESSORY" type="FIXED" visualId="23452"> <!-- Metal Hair Accessory Appearance Stone -->
		<bodyPart>hair</bodyPart>
		<bodyPart>hair2</bodyPart>
		<bodyPart>hairall</bodyPart>
	</appearance_stone>

	<!-- Metal Suit with skill -->
	<appearance_stone id="23712" targetType="ARMOR" type="FIXED" visualId="23708"> <!-- Metal Top Appearance Stone -->
		<bodyPart>chest</bodyPart>
		<bodyPart>fullarmor</bodyPart>
	</appearance_stone>
	<appearance_stone id="23713" targetType="ARMOR" type="FIXED" visualId="23709" bodyPart="legs" /> <!-- Metal Pants Appearance Stone -->
	<appearance_stone id="23714" targetType="ARMOR" type="FIXED" visualId="23710" bodyPart="gloves" /> <!-- Metal Gloves Appearance Stone -->
	<appearance_stone id="23715" targetType="ARMOR" type="FIXED" visualId="23711" bodyPart="feet" /> <!-- Metal Shoes Appearance Stone -->

	<!-- Military Suit -->
	<appearance_stone id="23503" targetType="ARMOR" type="FIXED" visualId="23453"> <!-- Military Top Appearance Stone -->
		<bodyPart>chest</bodyPart>
		<bodyPart>fullarmor</bodyPart>
	</appearance_stone>
	<appearance_stone id="23504" targetType="ARMOR" type="FIXED" visualId="23454" bodyPart="legs" /> <!-- Military Pants Appearance Stone -->
	<appearance_stone id="23505" targetType="ARMOR" type="FIXED" visualId="23455" bodyPart="gloves" /> <!-- Military Gloves Appearance Stone -->
	<appearance_stone id="23506" targetType="ARMOR" type="FIXED" visualId="23456" bodyPart="feet" /> <!-- Military Shoes Appearance Stone -->
	<appearance_stone id="23507" targetType="ACCESSORY" type="FIXED" visualId="23457"> <!-- Military Hair Accessory Appearance Stone -->
		<bodyPart>hair</bodyPart>
		<bodyPart>hair2</bodyPart>
		<bodyPart>hairall</bodyPart>
	</appearance_stone>

	<!-- Military Suit with skill -->
	<appearance_stone id="23720" targetType="ARMOR" type="FIXED" visualId="23716" raceNot="ERTHEIA"> <!-- Military Top Appearance Stone -->
		<bodyPart>chest</bodyPart>
		<bodyPart>fullarmor</bodyPart>
	</appearance_stone>
	<appearance_stone id="23721" targetType="ARMOR" type="FIXED" visualId="23717" bodyPart="legs" raceNot="ERTHEIA" /> <!-- Military Pants Appearance Stone -->
	<appearance_stone id="23722" targetType="ARMOR" type="FIXED" visualId="23718" bodyPart="gloves" raceNot="ERTHEIA" /> <!-- Military Gloves Appearance Stone -->
	<appearance_stone id="23723" targetType="ARMOR" type="FIXED" visualId="23719" bodyPart="feet" raceNot="ERTHEIA" /> <!-- Military Shoes Appearance Stone -->

	<!-- Ninja Suit -->
	<appearance_stone id="23189" targetType="ARMOR" type="FIXED" visualId="23554"> <!-- Ninja Top Appearance Stone -->
		<bodyPart>chest</bodyPart>
		<bodyPart>fullarmor</bodyPart>
	</appearance_stone>
	<appearance_stone id="23190" targetType="ARMOR" type="FIXED" visualId="23555" bodyPart="legs" raceNot="ERTHEIA" /> <!-- Ninja Pants Appearance Stone -->
	<appearance_stone id="23191" targetType="ARMOR" type="FIXED" visualId="23556" bodyPart="gloves" raceNot="ERTHEIA" /> <!-- Ninja Gloves Appearance Stone -->
	<appearance_stone id="23192" targetType="ARMOR" type="FIXED" visualId="23557" bodyPart="feet" raceNot="ERTHEIA" /> <!-- Ninja Shoes Appearance Stone -->
	<appearance_stone id="23193" targetType="ACCESSORY" type="FIXED" visualId="23558" raceNot="ERTHEIA"> <!-- Ninja Hair Accessory Appearance Stone -->
		<bodyPart>hair</bodyPart>
		<bodyPart>hair2</bodyPart>
		<bodyPart>hairall</bodyPart>
	</appearance_stone>

	<!-- Ninja Suit with skill -->
	<appearance_stone id="23564" targetType="ARMOR" type="FIXED" visualId="23554"> <!-- Ninja Top Appearance Stone -->
		<bodyPart>chest</bodyPart>
		<bodyPart>fullarmor</bodyPart>
	</appearance_stone>
	<appearance_stone id="23565" targetType="ARMOR" type="FIXED" visualId="23555" bodyPart="legs" raceNot="ERTHEIA" /> <!-- Ninja Pants Appearance Stone -->
	<appearance_stone id="23566" targetType="ARMOR" type="FIXED" visualId="23556" bodyPart="gloves" raceNot="ERTHEIA" /> <!-- Ninja Gloves Appearance Stone -->
	<appearance_stone id="23567" targetType="ARMOR" type="FIXED" visualId="23557" bodyPart="feet" raceNot="ERTHEIA" /> <!-- Ninja Shoes Appearance Stone -->

	<!-- Traditional Taiwanese Suit -->
	<appearance_stone id="23194" targetType="ARMOR" type="FIXED" visualId="23184"> <!-- Traditional Taiwanese Top Appearance Stone -->
		<bodyPart>chest</bodyPart>
		<bodyPart>fullarmor</bodyPart>
	</appearance_stone>
	<appearance_stone id="23195" targetType="ARMOR" type="FIXED" visualId="23185" bodyPart="legs" raceNot="ERTHEIA" /> <!-- Traditional Taiwanese Pants Appearance Stone -->
	<appearance_stone id="23196" targetType="ARMOR" type="FIXED" visualId="23186" bodyPart="gloves" raceNot="ERTHEIA" /> <!-- Traditional Taiwanese Gloves Appearance Stone -->
	<appearance_stone id="23197" targetType="ARMOR" type="FIXED" visualId="23187" bodyPart="feet" raceNot="ERTHEIA" /> <!-- Traditional Taiwanese Shoes Appearance Stone -->
	<appearance_stone id="23198" targetType="ACCESSORY" type="FIXED" visualId="23188" raceNot="ERTHEIA"> <!-- Traditional Taiwanese Hair Accessory Appearance Stone -->
		<bodyPart>hair</bodyPart>
		<bodyPart>hair2</bodyPart>
		<bodyPart>hairall</bodyPart>
	</appearance_stone>

	<!-- Onepiece -->
	<appearance_stone id="23172" targetType="ARMOR" type="FIXED" visualId="23171" raceNot="ERTHEIA"> <!-- Beach Swimsuit Appearance Stone -->
		<bodyPart>chest</bodyPart>
		<bodyPart>fullarmor</bodyPart>
	</appearance_stone>
	<appearance_stone id="23234" targetType="ARMOR" type="FIXED" visualId="23173"> <!-- Alluring Swimsuit Appearance Stone -->
		<bodyPart>chest</bodyPart>
		<bodyPart>fullarmor</bodyPart>
	</appearance_stone>
	<appearance_stone id="23235" targetType="ARMOR" type="FIXED" visualId="23226"> <!-- Seductive Swimsuit Appearance Stone -->
		<bodyPart>chest</bodyPart>
		<bodyPart>fullarmor</bodyPart>
	</appearance_stone>
	<appearance_stone id="23486" targetType="ARMOR" type="FIXED" visualId="23485"> <!-- Santa Outfit Appearance Stone -->
		<bodyPart>chest</bodyPart>
		<bodyPart>fullarmor</bodyPart>
	</appearance_stone>
	<appearance_stone id="23487" targetType="ARMOR" type="FIXED" visualId="23485"> <!-- Santa Outfit Appearance Stone -->
		<bodyPart>chest</bodyPart>
		<bodyPart>fullarmor</bodyPart>
	</appearance_stone>

	<!-- Shield and Sigils -->
	<appearance_stone id="22680" targetType="ARMOR" type="FIXED" visualId="22664" armorType="SHIELD" raceNot="ERTHEIA" /> <!-- Emerald Weapon Appearance Stone: Shield -->
	<appearance_stone id="22681" targetType="ARMOR" type="FIXED" visualId="22665" armorType="SIGIL" raceNot="ERTHEIA" /> <!-- Emerald Weapon Appearance Stone: Sigil -->
	<appearance_stone id="22741" targetType="ARMOR" type="FIXED" visualId="22725" armorType="SHIELD" raceNot="ERTHEIA" /> <!-- Japanese Shield Appearance Stone -->
	<appearance_stone id="22742" targetType="ARMOR" type="FIXED" visualId="22726" armorType="SIGIL" raceNot="ERTHEIA" /> <!-- Japanese Sigil Appearance Stone -->

	<!--Accessory Appearance Stones -->
	<!--Normal -->
	<appearance_stone id="22708" targetType="ACCESSORY" type="NORMAL" cost="125000" /> <!-- Accessory Appearance Stone -->
	<!--Blessed -->
	<appearance_stone id="22709" targetType="ACCESSORY" type="BLESSED" /> <!-- Accessory Appearance Stone -->
	<!--Restore -->
	<appearance_stone id="22882" targetType="ACCESSORY" type="RESTORE" /> <!-- Hair Accessory Appearance Restoration Stone -->

	<!--Anakim Outfit -->
	<appearance_stone id="23882" targetType="ARMOR" type="FIXED" visualId="23881">
		<bodyPart>chest</bodyPart>
		<bodyPart>fullarmor</bodyPart>
	</appearance_stone>

	<!--Dark Assassion Suit -->
	<appearance_stone id="24134" targetType="ARMOR" type="FIXED" visualId="24133">
		<bodyPart>chest</bodyPart>
		<bodyPart>fullarmor</bodyPart>
	</appearance_stone>

	<!--Vampire Suit -->
	<appearance_stone id="23888" targetType="ARMOR" type="FIXED" visualId="23883" raceNot="ERTHEIA">
		<bodyPart>chest</bodyPart>
		<bodyPart>fullarmor</bodyPart>
	</appearance_stone>
	<appearance_stone id="23889" targetType="ARMOR" type="FIXED" visualId="23884" bodyPart="legs" raceNot="ERTHEIA" />
	<appearance_stone id="23890" targetType="ARMOR" type="FIXED" visualId="23885" bodyPart="gloves" raceNot="ERTHEIA" />
	<appearance_stone id="23891" targetType="ARMOR" type="FIXED" visualId="23886" bodyPart="feet" raceNot="ERTHEIA" />
	<appearance_stone id="23892" targetType="ACCESSORY" type="FIXED" visualId="23887" raceNot="ERTHEIA">
		<bodyPart>hair</bodyPart>
		<bodyPart>hair2</bodyPart>
		<bodyPart>hairall</bodyPart>
	</appearance_stone>

	<!-- Tauti set -->
	<appearance_stone id="46573" targetType="ARMOR" type="FIXED" visualId="46538" raceNot="ERTHEIA">
		<bodyPart>chest</bodyPart>
		<bodyPart>fullarmor</bodyPart>
	</appearance_stone>
	<appearance_stone id="46574" targetType="ARMOR" type="FIXED" visualId="46539" bodyPart="legs" raceNot="ERTHEIA" />
	<appearance_stone id="46575" targetType="ARMOR" type="FIXED" visualId="46540" bodyPart="gloves" raceNot="ERTHEIA" />
	<appearance_stone id="46576" targetType="ARMOR" type="FIXED" visualId="46541" bodyPart="feet" raceNot="ERTHEIA" />

	<!-- Kelbim set -->
	<appearance_stone id="46578" targetType="ARMOR" type="FIXED" visualId="46543">
		<bodyPart>chest</bodyPart>
		<bodyPart>fullarmor</bodyPart>
	</appearance_stone>
	<appearance_stone id="46579" targetType="ARMOR" type="FIXED" visualId="46544" bodyPart="legs" />
	<appearance_stone id="46580" targetType="ARMOR" type="FIXED" visualId="46545" bodyPart="gloves" />
	<appearance_stone id="46581" targetType="ARMOR" type="FIXED" visualId="46546" bodyPart="feet" />

	<!-- Freya set -->
	<appearance_stone id="46583" targetType="ARMOR" type="FIXED" visualId="46548">
		<bodyPart>chest</bodyPart>
		<bodyPart>fullarmor</bodyPart>
	</appearance_stone>
	<appearance_stone id="46584" targetType="ARMOR" type="FIXED" visualId="46549" bodyPart="legs" />
	<appearance_stone id="46585" targetType="ARMOR" type="FIXED" visualId="46550" bodyPart="gloves" />
	<appearance_stone id="46586" targetType="ARMOR" type="FIXED" visualId="46551" bodyPart="feet" />

	<!-- Maid Costume -->
	<appearance_stone id="23513" targetType="ARMOR" type="FIXED" visualId="23458"> <!-- Maid Appearance Stone -->
		<bodyPart>chest</bodyPart>
		<bodyPart>fullarmor</bodyPart>
	</appearance_stone>
	<appearance_stone id="23514" targetType="ACCESSORY" type="FIXED" visualId="23459"> <!-- Maid Hair Accessory Appearance Stone -->
		<bodyPart>hair</bodyPart>
		<bodyPart>hair2</bodyPart>
		<bodyPart>hairall</bodyPart>
	</appearance_stone>


	<!-- Dark Knight Suit -->
	<appearance_stone id="46270" targetType="ARMOR" type="FIXED" visualId="46260">
		<bodyPart>chest</bodyPart>
		<bodyPart>fullarmor</bodyPart>
	</appearance_stone>

	<!-- Santa Suit -->
	<appearance_stone id="40330" targetType="ARMOR" type="FIXED" visualId="37534">
		<bodyPart>chest</bodyPart>
		<bodyPart>fullarmor</bodyPart>
	</appearance_stone>

	<!-- Santa Hat -->
	<appearance_stone id="40310" targetType="ACCESSORY" type="FIXED" visualId="37535">
		<bodyPart>hair</bodyPart>
		<bodyPart>hair2</bodyPart>
		<bodyPart>hairall</bodyPart>
	</appearance_stone>

	<!--Samurai Outfit -->
	<appearance_stone id="23880" targetType="ARMOR" type="FIXED" visualId="23879">
		<bodyPart>chest</bodyPart>
		<bodyPart>fullarmor</bodyPart>
	</appearance_stone>
	<appearance_stone id="23878" targetType="ACCESSORY" type="FIXED" visualId="23877">
		<bodyPart>hair</bodyPart>
		<bodyPart>hair2</bodyPart>
		<bodyPart>hairall</bodyPart>
	</appearance_stone>

	<!--NC Dinos Uniform -->
	<appearance_stone id="45435" targetType="ARMOR" type="FIXED" visualId="37725" lifeTime="30days">
		<bodyPart>chest</bodyPart>
		<bodyPart>fullarmor</bodyPart>
	</appearance_stone>
	<appearance_stone id="45433" targetType="ACCESSORY" type="FIXED" visualId="37726" lifeTime="30days">
		<bodyPart>hair</bodyPart>
		<bodyPart>hair2</bodyPart>
		<bodyPart>hairall</bodyPart>
	</appearance_stone>

	<!-- Tears One-handed Blunt Weapon -->
	<appearance_stone id="23936" targetType="WEAPON" type="FIXED" visualId="23920" weaponType="BLUNT" bodyPart="lhand" lifeTime="7days" />
	<!-- Tears Magic Sword -->
	<appearance_stone id="23937" targetType="WEAPON" type="FIXED" visualId="23921" weaponType="SWORD" magicType="MAGICAL" bodyPart="lhand" lifeTime="7days" />
	<!-- Tears Tears One-handed Magic Blunt Weapon -->
	<appearance_stone id="23938" targetType="WEAPON" type="FIXED" visualId="23922" weaponType="BLUNT" magicType="MAGICAL" lifeTime="7days" />
	<!-- Tears Two-handed Magic Blunt Weapon -->
	<appearance_stone id="23939" targetType="WEAPON" type="FIXED" visualId="23923" weaponType="DUALBLUNT" magicType="MAGICAL" lifeTime="7days" />
	<!-- Tears Dual Dagger -->
	<appearance_stone id="23941" targetType="WEAPON" type="FIXED" visualId="23945" weaponType="DUALDAGGER" lifeTime="7days" />
	<!-- Tears Dual Blunt Weapon -->
	<appearance_stone id="23942" targetType="WEAPON" type="FIXED" visualId="23946" weaponType="DUALBLUNT" lifeTime="7days" />
	<!-- Tears Shield -->
	<appearance_stone id="23943" targetType="ARMOR" type="FIXED" visualId="23927" armorType="SHIELD" lifeTime="7days" />
	<!-- Tears Sigil -->
	<appearance_stone id="23944" targetType="ARMOR" type="FIXED" visualId="23928" armorType="SIGIL" lifeTime="7days" />

	<!-- Valentine Dagger -->
	<appearance_stone id="37688" targetType="WEAPON" type="FIXED" visualId="37688" weaponType="DAGGER" lifeTime="15days" />
	<!-- Valentine One-handed Sword -->
	<appearance_stone id="37689" targetType="WEAPON" type="FIXED" visualId="37689" weaponType="SWORD" lifeTime="15days" />
	<!-- Valentine Two-handed Sword -->
	<appearance_stone id="37690" targetType="WEAPON" type="FIXED" visualId="37690" weaponType="SWORD" bodyPart="lrhand" lifeTime="15days" />
	<!-- Valentine One-handed Blunt Weapon -->
	<appearance_stone id="37691" targetType="WEAPON" type="FIXED" visualId="37691" weaponType="BLUNT" bodyPart="lhand" lifeTime="15days" />
	<!-- Valentine Fist Weapon -->
	<appearance_stone id="37692" targetType="WEAPON" type="FIXED" visualId="37692" weaponType="DUALFIST" lifeTime="15days" />
	<!-- Valentine Spear -->
	<appearance_stone id="37693" targetType="WEAPON" type="FIXED" visualId="37693" weaponType="POLE" lifeTime="15days" />
	<!-- Valentine Bow -->
	<appearance_stone id="37694" targetType="WEAPON" type="FIXED" visualId="37694" weaponType="BOW" lifeTime="15days" />
	<!-- Valentine Crossbow -->
	<appearance_stone id="37695" targetType="WEAPON" type="FIXED" visualId="37695" weaponType="CROSSBOW" lifeTime="15days" />
	<!-- Valentine One-handed Magic Sword -->
	<appearance_stone id="37696" targetType="WEAPON" type="FIXED" visualId="37696" weaponType="SWORD" lifeTime="15days" />
	<!-- Valentine One-handed Magic Blunt Weapon -->
	<appearance_stone id="37697" targetType="WEAPON" type="FIXED" visualId="37697" weaponType="BLUNT" magicType="MAGICAL" lifeTime="15days" />
	<!-- Valentine Two-handed Magic Blunt Weapon -->
	<appearance_stone id="37698" targetType="WEAPON" type="FIXED" visualId="37698" weaponType="DUALBLUNT" magicType="MAGICAL" lifeTime="15days" />
	<!-- Valentine Dualsword -->
	<appearance_stone id="37699" targetType="WEAPON" type="FIXED" visualId="37699" weaponType="DUAL" lifeTime="15days" />
	<!-- Valentine Dual Dagger -->
	<appearance_stone id="37700" targetType="WEAPON" type="FIXED" visualId="37700" weaponType="DUALDAGGER" lifeTime="15days" />
	<!-- Valentine Dual Blunt Weapon -->
	<appearance_stone id="37701" targetType="WEAPON" type="FIXED" visualId="37701" weaponType="DUALBLUNT" lifeTime="15days" />
	<!-- Valentine Shield -->
	<appearance_stone id="37702" targetType="ARMOR" type="FIXED" visualId="37702" armorType="SHIELD" lifeTime="15days" />
	<!-- Valentine Sigil -->
	<appearance_stone id="37703" targetType="ARMOR" type="FIXED" visualId="37703" armorType="SIGIL" lifeTime="15days" />

	<!-- Pig Lollipop Appearance Stone: One-handed Sword -->
	<appearance_stone id="37907" targetType="WEAPON" type="FIXED" visualId="37629" weaponType="SWORD" />
	<!-- Chrono Cithara Appearance Stone: One-handed Sword -->
	<appearance_stone id="37908" targetType="WEAPON" type="FIXED" visualId="37945" weaponType="SWORD" />
	<!-- Chrono Unitus Appearance Stone: Fist Weapon -->
	<appearance_stone id="37909" targetType="WEAPON" type="FIXED" visualId="37946" weaponType="DUALFIST" />
	<!-- Chrono Campana Appearance Stone: Spear -->
	<appearance_stone id="37910" targetType="WEAPON" type="FIXED" visualId="37947" weaponType="POLE" />
	<!-- Chrono Darbuka Appearance Stone: Two-handed Blunt Weapon -->
	<appearance_stone id="37911" targetType="WEAPON" type="FIXED" visualId="37948" weaponType="DUALBLUNT" />
	<!-- Chrono Maracas Appearance Stone: Dualsword -->
	<appearance_stone id="37912" targetType="WEAPON" type="FIXED" visualId="37949" weaponType="DUAL" />
	<!-- Pumpkin Dagger Appearance Stone: Dagger -->
	<appearance_stone id="37913" targetType="WEAPON" type="FIXED" visualId="37916" weaponType="DAGGER" />
	<!-- Pumpkin Dual Dagger Appearance Stone: Dual Dagger -->
	<appearance_stone id="37914" targetType="WEAPON" type="FIXED" visualId="37917" weaponType="DUALDAGGER" />
	<!-- Scarecrow Sword Appearance Stone: One-handed Magic Sword -->
	<appearance_stone id="37915" targetType="WEAPON" type="FIXED" visualId="37918" weaponType="SWORD" magicType="MAGICAL" />
</list>
