<?xml version="1.0" encoding="UTF-8"?>
<list xmlns:xsi="http://www.w3.org/2001/XMLSchema-instance" xsi:noNamespaceSchemaLocation="xsd/CrystalizableItems.xsd">
	<!-- R Armors -->
	<crystalizable_item id="19776"> <!-- Seraph Gloves - Recovery Type / Robe -->
		<item id="17527" count="4" chance="76.65" /> <!-- Scroll: Enchant Armor (R-grade) -->
		<item id="19448" count="1" chance="6.39" /> <!-- Blessed Scroll: Enchant Armor (R-grade) -->
		<item id="36389" count="1" chance="53.23" /> <!-- Giant's Scroll: Enchant Armor (R-grade) -->
		<item id="36514" count="1" chance="7.67" /> <!-- Elcyum Crystal -->
	</crystalizable_item>
	<crystalizable_item id="19775"> <!-- Seraph Stockings - Recovery Type / Robe -->
		<item id="17527" count="8" chance="95.82" /> <!-- Scroll: Enchant Armor (R-grade) -->
		<item id="19448" count="1" chance="15.97" /> <!-- Blessed Scroll: Enchant Armor (R-grade) -->
		<item id="36389" count="2" chance="66.54" /> <!-- Giant's Scroll: Enchant Armor (R-grade) -->
		<item id="36514" count="1" chance="19.16" /> <!-- Elcyum Crystal -->
	</crystalizable_item>
	<crystalizable_item id="19777"> <!-- Seraph Shoes - Recovery Type / Robe -->
		<item id="17527" count="4" chance="76.65" /> <!-- Scroll: Enchant Armor (R-grade) -->
		<item id="19448" count="1" chance="6.39" /> <!-- Blessed Scroll: Enchant Armor (R-grade) -->
		<item id="36389" count="1" chance="53.23" /> <!-- Giant's Scroll: Enchant Armor (R-grade) -->
		<item id="36514" count="1" chance="7.67" /> <!-- Elcyum Crystal -->
	</crystalizable_item>
	<crystalizable_item id="19473"> <!-- Twilight Belt -->
		<item id="17527" count="1" chance="47.76" /> <!-- Scroll: Enchant Armor (R-grade) -->
		<item id="19448" count="1" chance="1.0" /> <!-- Blessed Scroll: Enchant Armor (R-grade) -->
		<item id="36389" count="1" chance="8.29" /> <!-- Giant's Scroll: Enchant Armor (R-grade) -->
		<item id="36514" count="1" chance="1.19" /> <!-- Elcyum Crystal -->
	</crystalizable_item>
	<crystalizable_item id="18065"> <!-- Blessed Seraph Sigil - Robe -->
		<item id="17527" count="5" chance="80.49" /> <!-- Scroll: Enchant Armor (R-grade) -->
		<item id="19448" count="1" chance="8.38" /> <!-- Blessed Scroll: Enchant Armor (R-grade) -->
		<item id="36389" count="1" chance="69.87" /> <!-- Giant's Scroll: Enchant Armor (R-grade) -->
		<item id="36514" count="1" chance="10.06" /> <!-- Elcyum Crystal -->
	</crystalizable_item>
	<crystalizable_item id="18706"> <!-- Apocalypse Shaper - Focus -->
		<item id="17526" count="2" chance="55.16" /> <!-- Scroll: Enchant Weapon (R-grade) -->
		<item id="19447" count="1" chance="3.53" /> <!-- Blessed Scroll: Enchant Weapon (R-grade) -->
		<item id="36386" count="1" chance="29.42" /> <!-- Giant's Scroll: Enchant Weapon (R-grade) -->
		<item id="36514" count="1" chance="35.3" /> <!-- Elcyum Crystal -->
	</crystalizable_item>
	<crystalizable_item id="6676"> <!-- Sealed Imperial Crusader Gauntlets -->
		<item id="960" count="1" chance="63.9" /> <!-- Scroll: Enchant Armor (S-grade) -->
		<item id="6578" count="1" chance="2.84" /> <!-- Blessed Scroll: Enchant Armor (S-grade) -->
		<item id="36390" count="1" chance="1.78" /> <!-- Giant's Scroll: Enchant Armor (S-grade) -->
		<item id="36513" count="1" chance="3.2" /> <!-- Elcyum Powder -->
	</crystalizable_item>
	<crystalizable_item id="19544"> <!-- Twilight Leather Helmet - Assassin Type / Light -->
		<item id="17527" count="2" chance="74.95" /> <!-- Scroll: Enchant Armor (R-grade) -->
		<item id="19448" count="1" chance="3.12" /> <!-- Blessed Scroll: Enchant Armor (R-grade) -->
		<item id="36389" count="1" chance="26.02" /> <!-- Giant's Scroll: Enchant Armor (R-grade) -->
		<item id="36514" count="1" chance="3.75" /> <!-- Elcyum Crystal -->
	</crystalizable_item>
	<crystalizable_item id="16025"> <!-- Freya's Necklace -->
		<item id="960" count="4" chance="75.96" /> <!-- Scroll: Enchant Armor (S-grade) -->
		<item id="6578" count="1" chance="13.5" /> <!-- Blessed Scroll: Enchant Armor (S-grade) -->
		<item id="36390" count="1" chance="8.44" /> <!-- Giant's Scroll: Enchant Armor (S-grade) -->
		<item id="36513" count="1" chance="15.19" /> <!-- Elcyum Powder -->
	</crystalizable_item>
	<crystalizable_item id="19545"> <!-- Twilight Leather Armor - Assassin Type / Light -->
		<item id="17527" count="4" chance="99.93" /> <!-- Scroll: Enchant Armor (R-grade) -->
		<item id="19448" count="1" chance="8.33" /> <!-- Blessed Scroll: Enchant Armor (R-grade) -->
		<item id="36389" count="1" chance="69.39" /> <!-- Giant's Scroll: Enchant Armor (R-grade) -->
		<item id="36514" count="1" chance="9.99" /> <!-- Elcyum Crystal -->
	</crystalizable_item>
	<crystalizable_item id="19546"> <!-- Twilight Leather Leggings - Assassin Type / Light -->
		<item id="17527" count="3" chance="83.27" /> <!-- Scroll: Enchant Armor (R-grade) -->
		<item id="19448" count="1" chance="5.2" /> <!-- Blessed Scroll: Enchant Armor (R-grade) -->
		<item id="36389" count="1" chance="43.37" /> <!-- Giant's Scroll: Enchant Armor (R-grade) -->
		<item id="36514" count="1" chance="6.25" /> <!-- Elcyum Crystal -->
	</crystalizable_item>
	<crystalizable_item id="19547"> <!-- Twilight Leather Gloves - Assassin Type / Light -->
		<item id="17527" count="1" chance="99.93" /> <!-- Scroll: Enchant Armor (R-grade) -->
		<item id="19448" count="1" chance="2.08" /> <!-- Blessed Scroll: Enchant Armor (R-grade) -->
		<item id="36389" count="1" chance="17.35" /> <!-- Giant's Scroll: Enchant Armor (R-grade) -->
		<item id="36514" count="1" chance="2.5" /> <!-- Elcyum Crystal -->
	</crystalizable_item>
	<crystalizable_item id="19548"> <!-- Twilight Leather Boots - Assassin Type / Light -->
		<item id="17527" count="1" chance="99.93" /> <!-- Scroll: Enchant Armor (R-grade) -->
		<item id="19448" count="1" chance="2.08" /> <!-- Blessed Scroll: Enchant Armor (R-grade) -->
		<item id="36389" count="1" chance="17.35" /> <!-- Giant's Scroll: Enchant Armor (R-grade) -->
		<item id="36514" count="1" chance="2.5" /> <!-- Elcyum Crystal -->
	</crystalizable_item>
	<crystalizable_item id="30048"> <!-- Apocalypse Buster - Mana Up + Acumen -->
		<item id="17526" count="2" chance="62.35" /> <!-- Scroll: Enchant Weapon (R-grade) -->
		<item id="19447" count="1" chance="3.99" /> <!-- Blessed Scroll: Enchant Weapon (R-grade) -->
		<item id="36386" count="1" chance="33.25" /> <!-- Giant's Scroll: Enchant Weapon (R-grade) -->
		<item id="36514" count="1" chance="39.9" /> <!-- Elcyum Crystal -->
	</crystalizable_item>
	<crystalizable_item id="18722"> <!-- Apocalypse Thrower - Damage Up -->
		<item id="17526" count="2" chance="55.16" /> <!-- Scroll: Enchant Weapon (R-grade) -->
		<item id="19447" count="1" chance="3.53" /> <!-- Blessed Scroll: Enchant Weapon (R-grade) -->
		<item id="36386" count="1" chance="29.42" /> <!-- Giant's Scroll: Enchant Weapon (R-grade) -->
		<item id="36514" count="1" chance="35.3" /> <!-- Elcyum Crystal -->
	</crystalizable_item>
	<crystalizable_item id="19746"> <!-- Twilight Helmet - Defense Type / Heavy -->
		<item id="17527" count="2" chance="74.95" /> <!-- Scroll: Enchant Armor (R-grade) -->
		<item id="19448" count="1" chance="3.12" /> <!-- Blessed Scroll: Enchant Armor (R-grade) -->
		<item id="36389" count="1" chance="26.02" /> <!-- Giant's Scroll: Enchant Armor (R-grade) -->
		<item id="36514" count="1" chance="3.75" /> <!-- Elcyum Crystal -->
	</crystalizable_item>
	<crystalizable_item id="19747"> <!-- Twilight Breastplate - Defense Type / Heavy -->
		<item id="17527" count="4" chance="99.93" /> <!-- Scroll: Enchant Armor (R-grade) -->
		<item id="19448" count="1" chance="8.33" /> <!-- Blessed Scroll: Enchant Armor (R-grade) -->
		<item id="36389" count="1" chance="69.39" /> <!-- Giant's Scroll: Enchant Armor (R-grade) -->
		<item id="36514" count="1" chance="9.99" /> <!-- Elcyum Crystal -->
	</crystalizable_item>
	<crystalizable_item id="19748"> <!-- Twilight Gaiters - Defense Type / Heavy -->
		<item id="17527" count="3" chance="83.27" /> <!-- Scroll: Enchant Armor (R-grade) -->
		<item id="19448" count="1" chance="5.2" /> <!-- Blessed Scroll: Enchant Armor (R-grade) -->
		<item id="36389" count="1" chance="43.37" /> <!-- Giant's Scroll: Enchant Armor (R-grade) -->
		<item id="36514" count="1" chance="6.25" /> <!-- Elcyum Crystal -->
	</crystalizable_item>
	<crystalizable_item id="19749"> <!-- Twilight Gauntlets - Defense Type / Heavy -->
		<item id="17527" count="1" chance="99.93" /> <!-- Scroll: Enchant Armor (R-grade) -->
		<item id="19448" count="1" chance="2.08" /> <!-- Blessed Scroll: Enchant Armor (R-grade) -->
		<item id="36389" count="1" chance="17.35" /> <!-- Giant's Scroll: Enchant Armor (R-grade) -->
		<item id="36514" count="1" chance="2.5" /> <!-- Elcyum Crystal -->
	</crystalizable_item>
	<crystalizable_item id="19750"> <!-- Twilight Boots - Defense Type / Heavy -->
		<item id="17527" count="1" chance="99.93" /> <!-- Scroll: Enchant Armor (R-grade) -->
		<item id="19448" count="1" chance="2.08" /> <!-- Blessed Scroll: Enchant Armor (R-grade) -->
		<item id="36389" count="1" chance="17.35" /> <!-- Giant's Scroll: Enchant Armor (R-grade) -->
		<item id="36514" count="1" chance="2.5" /> <!-- Elcyum Crystal -->
	</crystalizable_item>
	<crystalizable_item id="19751"> <!-- Twilight Shield - Defense Type / Heavy -->
		<item id="17527" count="1" chance="99.93" /> <!-- Scroll: Enchant Armor (R-grade) -->
		<item id="19448" count="1" chance="2.08" /> <!-- Blessed Scroll: Enchant Armor (R-grade) -->
		<item id="36389" count="1" chance="17.35" /> <!-- Giant's Scroll: Enchant Armor (R-grade) -->
		<item id="36514" count="1" chance="2.5" /> <!-- Elcyum Crystal -->
	</crystalizable_item>
	<crystalizable_item id="18732"> <!-- Apocalypse Caster - Acumen -->
		<item id="17526" count="2" chance="55.16" /> <!-- Scroll: Enchant Weapon (R-grade) -->
		<item id="19447" count="1" chance="3.53" /> <!-- Blessed Scroll: Enchant Weapon (R-grade) -->
		<item id="36386" count="1" chance="29.42" /> <!-- Giant's Scroll: Enchant Weapon (R-grade) -->
		<item id="36514" count="1" chance="35.3" /> <!-- Elcyum Crystal -->
	</crystalizable_item>
	<crystalizable_item id="17401"> <!-- Seraph Shield - Heavy Armor -->
		<item id="17527" count="4" chance="80.49" /> <!-- Scroll: Enchant Armor (R-grade) -->
		<item id="19448" count="1" chance="6.71" /> <!-- Blessed Scroll: Enchant Armor (R-grade) -->
		<item id="36389" count="1" chance="55.89" /> <!-- Giant's Scroll: Enchant Armor (R-grade) -->
		<item id="36514" count="1" chance="8.05" /> <!-- Elcyum Crystal -->
	</crystalizable_item>
	<crystalizable_item id="19773"> <!-- Seraph Circlet - Recovery Type / Robe -->
		<item id="17527" count="5" chance="91.98" /> <!-- Scroll: Enchant Armor (R-grade) -->
		<item id="19448" count="1" chance="9.58" /> <!-- Blessed Scroll: Enchant Armor (R-grade) -->
		<item id="36389" count="1" chance="79.85" /> <!-- Giant's Scroll: Enchant Armor (R-grade) -->
		<item id="36514" count="1" chance="11.5" /> <!-- Elcyum Crystal -->
	</crystalizable_item>
	<crystalizable_item id="19774"> <!-- Seraph Tunic - Recovery Type / Robe -->
		<item id="17527" count="13" chance="94.34" /> <!-- Scroll: Enchant Armor (R-grade) -->
		<item id="19448" count="1" chance="25.55" /> <!-- Blessed Scroll: Enchant Armor (R-grade) -->
		<item id="36389" count="3" chance="70.98" /> <!-- Giant's Scroll: Enchant Armor (R-grade) -->
		<item id="36514" count="1" chance="30.66" /> <!-- Elcyum Crystal -->
	</crystalizable_item>
	<crystalizable_item id="19455"> <!-- Istina's Bracelet -->
		<item id="17527" count="1" chance="28.45" /> <!-- Scroll: Enchant Armor (R-grade) -->
		<item id="19448" count="1" chance="0.59" /> <!-- Blessed Scroll: Enchant Armor (R-grade) -->
		<item id="36389" count="1" chance="4.94" /> <!-- Giant's Scroll: Enchant Armor (R-grade) -->
		<item id="36514" count="1" chance="0.71" /> <!-- Elcyum Crystal -->
	</crystalizable_item>
	<!-- Zodiac Agathions -->
	<crystalizable_item id="23989"> <!-- Agathion - Virgo (Stage 1) -->
		<item id="24337" count="1" chance="19.47" /> <!-- Starlight Jar Pouch -->
		<item id="19440" count="8" chance="100.00" /> <!-- Gemstone (R-grade) -->
		<item id="36513" count="10" chance="100.00" /> <!-- Elcyum Powder -->
	</crystalizable_item>
	<crystalizable_item id="23990"> <!-- Agathion - Virgo (Stage 2) -->
		<item id="24337" count="1" chance="29.20" /> <!-- Starlight Jar Pouch -->
		<item id="19440" count="15" chance="100.00" /> <!-- Gemstone (R-grade) -->
		<item id="36513" count="10" chance="100.00" /> <!-- Elcyum Powder -->
	</crystalizable_item>	
	<crystalizable_item id="23991"> <!-- Agathion - Virgo (Stage 3) -->
		<item id="24337" count="1" chance="38.87" /> <!-- Starlight Jar Pouch -->
		<item id="19440" count="23" chance="100.00" /> <!-- Gemstone (R-grade) -->
		<item id="36513" count="10" chance="100.00" /> <!-- Elcyum Powder -->
	</crystalizable_item>
	<crystalizable_item id="23992"> <!-- Agathion - Virgo (Stage 4) -->
		<item id="24337" count="1" chance="41.66" /> <!-- Starlight Jar Pouch -->
		<item id="19440" count="31" chance="100.00" /> <!-- Gemstone (R-grade) -->
		<item id="36514" count="10" chance="100.00" /> <!-- Elcyum Crystal -->
	</crystalizable_item>	
	<crystalizable_item id="23993"> <!-- Agathion - Virgo (Stage 5) -->
		<item id="24337" count="1" chance="50.00" /> <!-- Starlight Jar Pouch -->
		<item id="19440" count="21" chance="100.00" /> <!-- Gemstone (R-grade) -->
		<item id="36514" count="10" chance="100.00" /> <!-- Elcyum Crystal -->
	</crystalizable_item>
	<crystalizable_item id="23994"> <!-- Agathion - Virgo (Stage 6) -->
		<item id="24337" count="1" chance="58.00" /> <!-- Starlight Jar Pouch -->
		<item id="19440" count="30" chance="100.00" /> <!-- Gemstone (R-grade) -->
		<item id="36514" count="10" chance="100.00" /> <!-- Elcyum Crystal -->
	</crystalizable_item>	
	<crystalizable_item id="23995"> <!-- Agathion - Virgo (Stage 7) -->
		<item id="24337" count="1" chance="66.69" /> <!-- Starlight Jar Pouch -->
		<item id="19440" count="40" chance="100.00" /> <!-- Gemstone (R-grade) -->
		<item id="36514" count="10" chance="100.00" /> <!-- Elcyum Crystal -->
	</crystalizable_item>	
	<crystalizable_item id="23996"> <!-- Agathion - Virgo (Stage 8) -->
		<item id="24337" count="1" chance="75.03" /> <!-- Starlight Jar Pouch -->
		<item id="19440" count="46" chance="100.00" /> <!-- Gemstone (R-grade) -->
		<item id="36514" count="10" chance="100.00" /> <!-- Elcyum Crystal -->
	</crystalizable_item>
	<crystalizable_item id="23997"> <!-- Agathion - Virgo (Stage 9) -->
		<item id="24337" count="1" chance="83.37" /> <!-- Starlight Jar Pouch -->
		<item id="19440" count="52" chance="100.00" /> <!-- Gemstone (R-grade) -->
		<item id="36514" count="10" chance="100.00" /> <!-- Elcyum Crystal -->
	</crystalizable_item>	
	<crystalizable_item id="23998"> <!-- Agathion - Virgo (Stage 10) -->
		<item id="24337" count="1" chance="91.70" /> <!-- Starlight Jar Pouch -->
		<item id="19440" count="57" chance="100.00" /> <!-- Gemstone (R-grade) -->
		<item id="36514" count="10" chance="100.00" /> <!-- Elcyum Crystal -->
	</crystalizable_item>	
	<crystalizable_item id="23999"> <!-- Agathion - Virgo (Stage 11) -->
		<item id="24337" count="1" chance="100.00" /> <!-- Starlight Jar Pouch -->
		<item id="19440" count="63" chance="100.00" /> <!-- Gemstone (R-grade) -->
		<item id="36514" count="10" chance="100.00" /> <!-- Elcyum Crystal -->
	</crystalizable_item>	
	<crystalizable_item id="24000"> <!-- Agathion - Virgo (Stage 12) -->
		<item id="24337" count="1" chance="100.00" /> <!-- Starlight Jar Pouch -->
		<item id="19440" count="137" chance="100.00" /> <!-- Gemstone (R-grade) -->
		<item id="36514" count="10" chance="100.00" /> <!-- Elcyum Crystal -->
	</crystalizable_item>
	<crystalizable_item id="24001"> <!-- Agathion - Capricorn (Stage 1) -->
		<item id="24337" count="1" chance="19.47" /> <!-- Starlight Jar Pouch -->
		<item id="19440" count="8" chance="100.00" /> <!-- Gemstone (R-grade) -->
		<item id="36513" count="10" chance="100.00" /> <!-- Elcyum Powder -->
	</crystalizable_item>
	<crystalizable_item id="24002"> <!-- Agathion - Capricorn (Stage 2) -->
		<item id="24337" count="1" chance="29.20" /> <!-- Starlight Jar Pouch -->
		<item id="19440" count="15" chance="100.00" /> <!-- Gemstone (R-grade) -->
		<item id="36513" count="10" chance="100.00" /> <!-- Elcyum Powder -->
	</crystalizable_item>	
	<crystalizable_item id="24003"> <!-- Agathion - Capricorn (Stage 3) -->
		<item id="24337" count="1" chance="38.87" /> <!-- Starlight Jar Pouch -->
		<item id="19440" count="23" chance="100.00" /> <!-- Gemstone (R-grade) -->
		<item id="36513" count="10" chance="100.00" /> <!-- Elcyum Powder -->
	</crystalizable_item>
	<crystalizable_item id="24004"> <!-- Agathion - Capricorn (Stage 4) -->
		<item id="24337" count="1" chance="41.66" /> <!-- Starlight Jar Pouch -->
		<item id="19440" count="31" chance="100.00" /> <!-- Gemstone (R-grade) -->
		<item id="36514" count="10" chance="100.00" /> <!-- Elcyum Crystal -->
	</crystalizable_item>	
	<crystalizable_item id="24005"> <!-- Agathion - Capricorn (Stage 5) -->
		<item id="24337" count="1" chance="50.00" /> <!-- Starlight Jar Pouch -->
		<item id="19440" count="21" chance="100.00" /> <!-- Gemstone (R-grade) -->
		<item id="36514" count="10" chance="100.00" /> <!-- Elcyum Crystal -->
	</crystalizable_item>
	<crystalizable_item id="24006"> <!-- Agathion - Capricorn (Stage 6) -->
		<item id="24337" count="1" chance="58.00" /> <!-- Starlight Jar Pouch -->
		<item id="19440" count="30" chance="100.00" /> <!-- Gemstone (R-grade) -->
		<item id="36514" count="10" chance="100.00" /> <!-- Elcyum Crystal -->
	</crystalizable_item>	
	<crystalizable_item id="24007"> <!-- Agathion - Capricorn (Stage 7) -->
		<item id="24337" count="1" chance="66.69" /> <!-- Starlight Jar Pouch -->
		<item id="19440" count="40" chance="100.00" /> <!-- Gemstone (R-grade) -->
		<item id="36514" count="10" chance="100.00" /> <!-- Elcyum Crystal -->
	</crystalizable_item>	
	<crystalizable_item id="24008"> <!-- Agathion - Capricorn (Stage 8) -->
		<item id="24337" count="1" chance="75.03" /> <!-- Starlight Jar Pouch -->
		<item id="19440" count="46" chance="100.00" /> <!-- Gemstone (R-grade) -->
		<item id="36514" count="10" chance="100.00" /> <!-- Elcyum Crystal -->
	</crystalizable_item>
	<crystalizable_item id="24009"> <!-- Agathion - Capricorn (Stage 9) -->
		<item id="24337" count="1" chance="83.37" /> <!-- Starlight Jar Pouch -->
		<item id="19440" count="52" chance="100.00" /> <!-- Gemstone (R-grade) -->
		<item id="36514" count="10" chance="100.00" /> <!-- Elcyum Crystal -->
	</crystalizable_item>	
	<crystalizable_item id="24010"> <!-- Agathion - Capricorn (Stage 10) -->
		<item id="24337" count="1" chance="91.70" /> <!-- Starlight Jar Pouch -->
		<item id="19440" count="57" chance="100.00" /> <!-- Gemstone (R-grade) -->
		<item id="36514" count="10" chance="100.00" /> <!-- Elcyum Crystal -->
	</crystalizable_item>	
	<crystalizable_item id="24011"> <!-- Agathion - Capricorn (Stage 11) -->
		<item id="24337" count="1" chance="100.00" /> <!-- Starlight Jar Pouch -->
		<item id="19440" count="63" chance="100.00" /> <!-- Gemstone (R-grade) -->
		<item id="36514" count="10" chance="100.00" /> <!-- Elcyum Crystal -->
	</crystalizable_item>	
	<crystalizable_item id="24012"> <!-- Agathion - Capricorn (Stage 12) -->
		<item id="24337" count="1" chance="100.00" /> <!-- Starlight Jar Pouch -->
		<item id="19440" count="137" chance="100.00" /> <!-- Gemstone (R-grade) -->
		<item id="36514" count="10" chance="100.00" /> <!-- Elcyum Crystal -->
	</crystalizable_item>	
	<crystalizable_item id="24013"> <!-- Agathion - Libra (Stage 1) -->
		<item id="24337" count="1" chance="19.47" /> <!-- Starlight Jar Pouch -->
		<item id="19440" count="8" chance="100.00" /> <!-- Gemstone (R-grade) -->
		<item id="36513" count="10" chance="100.00" /> <!-- Elcyum Powder -->
	</crystalizable_item>
	<crystalizable_item id="24014"> <!-- Agathion - Libra (Stage 2) -->
		<item id="24337" count="1" chance="29.20" /> <!-- Starlight Jar Pouch -->
		<item id="19440" count="15" chance="100.00" /> <!-- Gemstone (R-grade) -->
		<item id="36513" count="10" chance="100.00" /> <!-- Elcyum Powder -->
	</crystalizable_item>	
	<crystalizable_item id="24015"> <!-- Agathion - Libra (Stage 3) -->
		<item id="24337" count="1" chance="38.87" /> <!-- Starlight Jar Pouch -->
		<item id="19440" count="23" chance="100.00" /> <!-- Gemstone (R-grade) -->
		<item id="36513" count="10" chance="100.00" /> <!-- Elcyum Powder -->
	</crystalizable_item>
	<crystalizable_item id="24016"> <!-- Agathion - Libra (Stage 4) -->
		<item id="24337" count="1" chance="41.66" /> <!-- Starlight Jar Pouch -->
		<item id="19440" count="31" chance="100.00" /> <!-- Gemstone (R-grade) -->
		<item id="36514" count="10" chance="100.00" /> <!-- Elcyum Crystal -->
	</crystalizable_item>	
	<crystalizable_item id="24017"> <!-- Agathion - Libra (Stage 5) -->
		<item id="24337" count="1" chance="50.00" /> <!-- Starlight Jar Pouch -->
		<item id="19440" count="21" chance="100.00" /> <!-- Gemstone (R-grade) -->
		<item id="36514" count="10" chance="100.00" /> <!-- Elcyum Crystal -->
	</crystalizable_item>
	<crystalizable_item id="24018"> <!-- Agathion - Libra (Stage 6) -->
		<item id="24337" count="1" chance="58.00" /> <!-- Starlight Jar Pouch -->
		<item id="19440" count="30" chance="100.00" /> <!-- Gemstone (R-grade) -->
		<item id="36514" count="10" chance="100.00" /> <!-- Elcyum Crystal -->
	</crystalizable_item>	
	<crystalizable_item id="24019"> <!-- Agathion - Libra (Stage 7) -->
		<item id="24337" count="1" chance="66.69" /> <!-- Starlight Jar Pouch -->
		<item id="19440" count="40" chance="100.00" /> <!-- Gemstone (R-grade) -->
		<item id="36514" count="10" chance="100.00" /> <!-- Elcyum Crystal -->
	</crystalizable_item>	
	<crystalizable_item id="24020"> <!-- Agathion - Libra (Stage 8) -->
		<item id="24337" count="1" chance="75.03" /> <!-- Starlight Jar Pouch -->
		<item id="19440" count="46" chance="100.00" /> <!-- Gemstone (R-grade) -->
		<item id="36514" count="10" chance="100.00" /> <!-- Elcyum Crystal -->
	</crystalizable_item>
	<crystalizable_item id="24021"> <!-- Agathion - Libra (Stage 9) -->
		<item id="24337" count="1" chance="83.37" /> <!-- Starlight Jar Pouch -->
		<item id="19440" count="52" chance="100.00" /> <!-- Gemstone (R-grade) -->
		<item id="36514" count="10" chance="100.00" /> <!-- Elcyum Crystal -->
	</crystalizable_item>	
	<crystalizable_item id="24022"> <!-- Agathion - Libra (Stage 10) -->
		<item id="24337" count="1" chance="91.70" /> <!-- Starlight Jar Pouch -->
		<item id="19440" count="57" chance="100.00" /> <!-- Gemstone (R-grade) -->
		<item id="36514" count="10" chance="100.00" /> <!-- Elcyum Crystal -->
	</crystalizable_item>	
	<crystalizable_item id="24023"> <!-- Agathion - Libra (Stage 11) -->
		<item id="24337" count="1" chance="100.00" /> <!-- Starlight Jar Pouch -->
		<item id="19440" count="63" chance="100.00" /> <!-- Gemstone (R-grade) -->
		<item id="36514" count="10" chance="100.00" /> <!-- Elcyum Crystal -->
	</crystalizable_item>	
	<crystalizable_item id="24024"> <!-- Agathion - Libra (Stage 12) -->
		<item id="24337" count="1" chance="100.00" /> <!-- Starlight Jar Pouch -->
		<item id="19440" count="137" chance="100.00" /> <!-- Gemstone (R-grade) -->
		<item id="36514" count="10" chance="100.00" /> <!-- Elcyum Crystal -->
	</crystalizable_item>
	<crystalizable_item id="24025"> <!-- Agathion - Aries (Stage 1) -->
		<item id="24337" count="1" chance="19.47" /> <!-- Starlight Jar Pouch -->
		<item id="19440" count="8" chance="100.00" /> <!-- Gemstone (R-grade) -->
		<item id="36513" count="10" chance="100.00" /> <!-- Elcyum Powder -->
	</crystalizable_item>
	<crystalizable_item id="24026"> <!-- Agathion - Aries (Stage 2) -->
		<item id="24337" count="1" chance="29.20" /> <!-- Starlight Jar Pouch -->
		<item id="19440" count="15" chance="100.00" /> <!-- Gemstone (R-grade) -->
		<item id="36513" count="10" chance="100.00" /> <!-- Elcyum Powder -->
	</crystalizable_item>	
	<crystalizable_item id="24027"> <!-- Agathion - Aries (Stage 3) -->
		<item id="24337" count="1" chance="38.87" /> <!-- Starlight Jar Pouch -->
		<item id="19440" count="23" chance="100.00" /> <!-- Gemstone (R-grade) -->
		<item id="36513" count="10" chance="100.00" /> <!-- Elcyum Powder -->
	</crystalizable_item>
	<crystalizable_item id="24028"> <!-- Agathion - Aries (Stage 4) -->
		<item id="24337" count="1" chance="41.66" /> <!-- Starlight Jar Pouch -->
		<item id="19440" count="31" chance="100.00" /> <!-- Gemstone (R-grade) -->
		<item id="36514" count="10" chance="100.00" /> <!-- Elcyum Crystal -->
	</crystalizable_item>	
	<crystalizable_item id="24029"> <!-- Agathion - Aries (Stage 5) -->
		<item id="24337" count="1" chance="50.00" /> <!-- Starlight Jar Pouch -->
		<item id="19440" count="21" chance="100.00" /> <!-- Gemstone (R-grade) -->
		<item id="36514" count="10" chance="100.00" /> <!-- Elcyum Crystal -->
	</crystalizable_item>
	<crystalizable_item id="24030"> <!-- Agathion - Aries (Stage 6) -->
		<item id="24337" count="1" chance="58.00" /> <!-- Starlight Jar Pouch -->
		<item id="19440" count="30" chance="100.00" /> <!-- Gemstone (R-grade) -->
		<item id="36514" count="10" chance="100.00" /> <!-- Elcyum Crystal -->
	</crystalizable_item>	
	<crystalizable_item id="24031"> <!-- Agathion - Aries (Stage 7) -->
		<item id="24337" count="1" chance="66.69" /> <!-- Starlight Jar Pouch -->
		<item id="19440" count="40" chance="100.00" /> <!-- Gemstone (R-grade) -->
		<item id="36514" count="10" chance="100.00" /> <!-- Elcyum Crystal -->
	</crystalizable_item>	
	<crystalizable_item id="24032"> <!-- Agathion - Aries (Stage 8) -->
		<item id="24337" count="1" chance="75.03" /> <!-- Starlight Jar Pouch -->
		<item id="19440" count="46" chance="100.00" /> <!-- Gemstone (R-grade) -->
		<item id="36514" count="10" chance="100.00" /> <!-- Elcyum Crystal -->
	</crystalizable_item>
	<crystalizable_item id="24033"> <!-- Agathion - Aries (Stage 9) -->
		<item id="24337" count="1" chance="83.37" /> <!-- Starlight Jar Pouch -->
		<item id="19440" count="52" chance="100.00" /> <!-- Gemstone (R-grade) -->
		<item id="36514" count="10" chance="100.00" /> <!-- Elcyum Crystal -->
	</crystalizable_item>	
	<crystalizable_item id="24034"> <!-- Agathion - Aries (Stage 10) -->
		<item id="24337" count="1" chance="91.70" /> <!-- Starlight Jar Pouch -->
		<item id="19440" count="57" chance="100.00" /> <!-- Gemstone (R-grade) -->
		<item id="36514" count="10" chance="100.00" /> <!-- Elcyum Crystal -->
	</crystalizable_item>	
	<crystalizable_item id="24035"> <!-- Agathion - Aries (Stage 11) -->
		<item id="24337" count="1" chance="100.00" /> <!-- Starlight Jar Pouch -->
		<item id="19440" count="63" chance="100.00" /> <!-- Gemstone (R-grade) -->
		<item id="36514" count="10" chance="100.00" /> <!-- Elcyum Crystal -->
	</crystalizable_item>	
	<crystalizable_item id="24036"> <!-- Agathion - Aries (Stage 12) -->
		<item id="24337" count="1" chance="100.00" /> <!-- Starlight Jar Pouch -->
		<item id="19440" count="137" chance="100.00" /> <!-- Gemstone (R-grade) -->
		<item id="36514" count="10" chance="100.00" /> <!-- Elcyum Crystal -->
	</crystalizable_item>
	<crystalizable_item id="24037"> <!-- Agathion - Taurus (Stage 1) -->
		<item id="24337" count="1" chance="19.47" /> <!-- Starlight Jar Pouch -->
		<item id="19440" count="8" chance="100.00" /> <!-- Gemstone (R-grade) -->
		<item id="36513" count="10" chance="100.00" /> <!-- Elcyum Powder -->
	</crystalizable_item>
	<crystalizable_item id="24038"> <!-- Agathion - Taurus (Stage 2) -->
		<item id="24337" count="1" chance="29.20" /> <!-- Starlight Jar Pouch -->
		<item id="19440" count="15" chance="100.00" /> <!-- Gemstone (R-grade) -->
		<item id="36513" count="10" chance="100.00" /> <!-- Elcyum Powder -->
	</crystalizable_item>	
	<crystalizable_item id="24039"> <!-- Agathion - Taurus (Stage 3) -->
		<item id="24337" count="1" chance="38.87" /> <!-- Starlight Jar Pouch -->
		<item id="19440" count="23" chance="100.00" /> <!-- Gemstone (R-grade) -->
		<item id="36513" count="10" chance="100.00" /> <!-- Elcyum Powder -->
	</crystalizable_item>
	<crystalizable_item id="24040"> <!-- Agathion - Taurus (Stage 4) -->
		<item id="24337" count="1" chance="41.66" /> <!-- Starlight Jar Pouch -->
		<item id="19440" count="31" chance="100.00" /> <!-- Gemstone (R-grade) -->
		<item id="36514" count="10" chance="100.00" /> <!-- Elcyum Crystal -->
	</crystalizable_item>	
	<crystalizable_item id="24041"> <!-- Agathion - Taurus (Stage 5) -->
		<item id="24337" count="1" chance="50.00" /> <!-- Starlight Jar Pouch -->
		<item id="19440" count="21" chance="100.00" /> <!-- Gemstone (R-grade) -->
		<item id="36514" count="10" chance="100.00" /> <!-- Elcyum Crystal -->
	</crystalizable_item>
	<crystalizable_item id="24042"> <!-- Agathion - Taurus (Stage 6) -->
		<item id="24337" count="1" chance="58.00" /> <!-- Starlight Jar Pouch -->
		<item id="19440" count="30" chance="100.00" /> <!-- Gemstone (R-grade) -->
		<item id="36514" count="10" chance="100.00" /> <!-- Elcyum Crystal -->
	</crystalizable_item>	
	<crystalizable_item id="24043"> <!-- Agathion - Taurus (Stage 7) -->
		<item id="24337" count="1" chance="66.69" /> <!-- Starlight Jar Pouch -->
		<item id="19440" count="40" chance="100.00" /> <!-- Gemstone (R-grade) -->
		<item id="36514" count="10" chance="100.00" /> <!-- Elcyum Crystal -->
	</crystalizable_item>	
	<crystalizable_item id="24044"> <!-- Agathion - Taurus (Stage 8) -->
		<item id="24337" count="1" chance="75.03" /> <!-- Starlight Jar Pouch -->
		<item id="19440" count="46" chance="100.00" /> <!-- Gemstone (R-grade) -->
		<item id="36514" count="10" chance="100.00" /> <!-- Elcyum Crystal -->
	</crystalizable_item>
	<crystalizable_item id="24045"> <!-- Agathion - Taurus (Stage 9) -->
		<item id="24337" count="1" chance="83.37" /> <!-- Starlight Jar Pouch -->
		<item id="19440" count="52" chance="100.00" /> <!-- Gemstone (R-grade) -->
		<item id="36514" count="10" chance="100.00" /> <!-- Elcyum Crystal -->
	</crystalizable_item>	
	<crystalizable_item id="24046"> <!-- Agathion - Taurus (Stage 10) -->
		<item id="24337" count="1" chance="91.70" /> <!-- Starlight Jar Pouch -->
		<item id="19440" count="57" chance="100.00" /> <!-- Gemstone (R-grade) -->
		<item id="36514" count="10" chance="100.00" /> <!-- Elcyum Crystal -->
	</crystalizable_item>	
	<crystalizable_item id="24047"> <!-- Agathion - Taurus (Stage 11) -->
		<item id="24337" count="1" chance="100.00" /> <!-- Starlight Jar Pouch -->
		<item id="19440" count="63" chance="100.00" /> <!-- Gemstone (R-grade) -->
		<item id="36514" count="10" chance="100.00" /> <!-- Elcyum Crystal -->
	</crystalizable_item>	
	<crystalizable_item id="24048"> <!-- Agathion - Taurus (Stage 12) -->
		<item id="24337" count="1" chance="100.00" /> <!-- Starlight Jar Pouch -->
		<item id="19440" count="137" chance="100.00" /> <!-- Gemstone (R-grade) -->
		<item id="36514" count="10" chance="100.00" /> <!-- Elcyum Crystal -->
	</crystalizable_item>
	<crystalizable_item id="24049"> <!-- Agathion - Leo (Stage 1) -->
		<item id="24337" count="1" chance="19.47" /> <!-- Starlight Jar Pouch -->
		<item id="19440" count="8" chance="100.00" /> <!-- Gemstone (R-grade) -->
		<item id="36513" count="10" chance="100.00" /> <!-- Elcyum Powder -->
	</crystalizable_item>
	<crystalizable_item id="24050"> <!-- Agathion - Leo (Stage 2) -->
		<item id="24337" count="1" chance="29.20" /> <!-- Starlight Jar Pouch -->
		<item id="19440" count="15" chance="100.00" /> <!-- Gemstone (R-grade) -->
		<item id="36513" count="10" chance="100.00" /> <!-- Elcyum Powder -->
	</crystalizable_item>	
	<crystalizable_item id="24051"> <!-- Agathion - Leo (Stage 3) -->
		<item id="24337" count="1" chance="38.87" /> <!-- Starlight Jar Pouch -->
		<item id="19440" count="23" chance="100.00" /> <!-- Gemstone (R-grade) -->
		<item id="36513" count="10" chance="100.00" /> <!-- Elcyum Powder -->
	</crystalizable_item>
	<crystalizable_item id="24052"> <!-- Agathion - Leo (Stage 4) -->
		<item id="24337" count="1" chance="41.66" /> <!-- Starlight Jar Pouch -->
		<item id="19440" count="31" chance="100.00" /> <!-- Gemstone (R-grade) -->
		<item id="36514" count="10" chance="100.00" /> <!-- Elcyum Crystal -->
	</crystalizable_item>	
	<crystalizable_item id="24053"> <!-- Agathion - Leo (Stage 5) -->
		<item id="24337" count="1" chance="50.00" /> <!-- Starlight Jar Pouch -->
		<item id="19440" count="21" chance="100.00" /> <!-- Gemstone (R-grade) -->
		<item id="36514" count="10" chance="100.00" /> <!-- Elcyum Crystal -->
	</crystalizable_item>
	<crystalizable_item id="24054"> <!-- Agathion - Leo (Stage 6) -->
		<item id="24337" count="1" chance="58.00" /> <!-- Starlight Jar Pouch -->
		<item id="19440" count="30" chance="100.00" /> <!-- Gemstone (R-grade) -->
		<item id="36514" count="10" chance="100.00" /> <!-- Elcyum Crystal -->
	</crystalizable_item>	
	<crystalizable_item id="24055"> <!-- Agathion - Leo (Stage 7) -->
		<item id="24337" count="1" chance="66.69" /> <!-- Starlight Jar Pouch -->
		<item id="19440" count="40" chance="100.00" /> <!-- Gemstone (R-grade) -->
		<item id="36514" count="10" chance="100.00" /> <!-- Elcyum Crystal -->
	</crystalizable_item>	
	<crystalizable_item id="24056"> <!-- Agathion - Leo (Stage 8) -->
		<item id="24337" count="1" chance="75.03" /> <!-- Starlight Jar Pouch -->
		<item id="19440" count="46" chance="100.00" /> <!-- Gemstone (R-grade) -->
		<item id="36514" count="10" chance="100.00" /> <!-- Elcyum Crystal -->
	</crystalizable_item>
	<crystalizable_item id="24057"> <!-- Agathion - Leo (Stage 9) -->
		<item id="24337" count="1" chance="83.37" /> <!-- Starlight Jar Pouch -->
		<item id="19440" count="52" chance="100.00" /> <!-- Gemstone (R-grade) -->
		<item id="36514" count="10" chance="100.00" /> <!-- Elcyum Crystal -->
	</crystalizable_item>	
	<crystalizable_item id="24058"> <!-- Agathion - Leo (Stage 10) -->
		<item id="24337" count="1" chance="91.70" /> <!-- Starlight Jar Pouch -->
		<item id="19440" count="57" chance="100.00" /> <!-- Gemstone (R-grade) -->
		<item id="36514" count="10" chance="100.00" /> <!-- Elcyum Crystal -->
	</crystalizable_item>	
	<crystalizable_item id="24059"> <!-- Agathion - Leo (Stage 11) -->
		<item id="24337" count="1" chance="100.00" /> <!-- Starlight Jar Pouch -->
		<item id="19440" count="63" chance="100.00" /> <!-- Gemstone (R-grade) -->
		<item id="36514" count="10" chance="100.00" /> <!-- Elcyum Crystal -->
	</crystalizable_item>	
	<crystalizable_item id="24060"> <!-- Agathion - Leo (Stage 12) -->
		<item id="24337" count="1" chance="100.00" /> <!-- Starlight Jar Pouch -->
		<item id="19440" count="137" chance="100.00" /> <!-- Gemstone (R-grade) -->
		<item id="36514" count="10" chance="100.00" /> <!-- Elcyum Crystal -->
	</crystalizable_item>
	<crystalizable_item id="24061"> <!-- Agathion - Gemini (Stage 1) -->
		<item id="24337" count="1" chance="19.47" /> <!-- Starlight Jar Pouch -->
		<item id="19440" count="8" chance="100.00" /> <!-- Gemstone (R-grade) -->
		<item id="36513" count="10" chance="100.00" /> <!-- Elcyum Powder -->
	</crystalizable_item>
	<crystalizable_item id="24062"> <!-- Agathion - Gemini (Stage 2) -->
		<item id="24337" count="1" chance="29.20" /> <!-- Starlight Jar Pouch -->
		<item id="19440" count="15" chance="100.00" /> <!-- Gemstone (R-grade) -->
		<item id="36513" count="10" chance="100.00" /> <!-- Elcyum Powder -->
	</crystalizable_item>	
	<crystalizable_item id="24063"> <!-- Agathion - Gemini (Stage 3) -->
		<item id="24337" count="1" chance="38.87" /> <!-- Starlight Jar Pouch -->
		<item id="19440" count="23" chance="100.00" /> <!-- Gemstone (R-grade) -->
		<item id="36513" count="10" chance="100.00" /> <!-- Elcyum Powder -->
	</crystalizable_item>
	<crystalizable_item id="24064"> <!-- Agathion - Gemini (Stage 4) -->
		<item id="24337" count="1" chance="41.66" /> <!-- Starlight Jar Pouch -->
		<item id="19440" count="31" chance="100.00" /> <!-- Gemstone (R-grade) -->
		<item id="36514" count="10" chance="100.00" /> <!-- Elcyum Crystal -->
	</crystalizable_item>	
	<crystalizable_item id="24065"> <!-- Agathion - Gemini (Stage 5) -->
		<item id="24337" count="1" chance="50.00" /> <!-- Starlight Jar Pouch -->
		<item id="19440" count="21" chance="100.00" /> <!-- Gemstone (R-grade) -->
		<item id="36514" count="10" chance="100.00" /> <!-- Elcyum Crystal -->
	</crystalizable_item>
	<crystalizable_item id="24066"> <!-- Agathion - Gemini (Stage 6) -->
		<item id="24337" count="1" chance="58.00" /> <!-- Starlight Jar Pouch -->
		<item id="19440" count="30" chance="100.00" /> <!-- Gemstone (R-grade) -->
		<item id="36514" count="10" chance="100.00" /> <!-- Elcyum Crystal -->
	</crystalizable_item>	
	<crystalizable_item id="24067"> <!-- Agathion - Gemini (Stage 7) -->
		<item id="24337" count="1" chance="66.69" /> <!-- Starlight Jar Pouch -->
		<item id="19440" count="40" chance="100.00" /> <!-- Gemstone (R-grade) -->
		<item id="36514" count="10" chance="100.00" /> <!-- Elcyum Crystal -->
	</crystalizable_item>	
	<crystalizable_item id="24068"> <!-- Agathion - Gemini (Stage 8) -->
		<item id="24337" count="1" chance="75.03" /> <!-- Starlight Jar Pouch -->
		<item id="19440" count="46" chance="100.00" /> <!-- Gemstone (R-grade) -->
		<item id="36514" count="10" chance="100.00" /> <!-- Elcyum Crystal -->
	</crystalizable_item>
	<crystalizable_item id="24069"> <!-- Agathion - Gemini (Stage 9) -->
		<item id="24337" count="1" chance="83.37" /> <!-- Starlight Jar Pouch -->
		<item id="19440" count="52" chance="100.00" /> <!-- Gemstone (R-grade) -->
		<item id="36514" count="10" chance="100.00" /> <!-- Elcyum Crystal -->
	</crystalizable_item>	
	<crystalizable_item id="24070"> <!-- Agathion - Gemini (Stage 10) -->
		<item id="24337" count="1" chance="91.70" /> <!-- Starlight Jar Pouch -->
		<item id="19440" count="57" chance="100.00" /> <!-- Gemstone (R-grade) -->
		<item id="36514" count="10" chance="100.00" /> <!-- Elcyum Crystal -->
	</crystalizable_item>	
	<crystalizable_item id="24071"> <!-- Agathion - Gemini (Stage 11) -->
		<item id="24337" count="1" chance="100.00" /> <!-- Starlight Jar Pouch -->
		<item id="19440" count="63" chance="100.00" /> <!-- Gemstone (R-grade) -->
		<item id="36514" count="10" chance="100.00" /> <!-- Elcyum Crystal -->
	</crystalizable_item>	
	<crystalizable_item id="24072"> <!-- Agathion - Gemini (Stage 12) -->
		<item id="24337" count="1" chance="100.00" /> <!-- Starlight Jar Pouch -->
		<item id="19440" count="137" chance="100.00" /> <!-- Gemstone (R-grade) -->
		<item id="36514" count="10" chance="100.00" /> <!-- Elcyum Crystal -->
	</crystalizable_item>
	<crystalizable_item id="24073"> <!-- Agathion - Scorpio (Stage 1) -->
		<item id="24337" count="1" chance="19.47" /> <!-- Starlight Jar Pouch -->
		<item id="19440" count="8" chance="100.00" /> <!-- Gemstone (R-grade) -->
		<item id="36513" count="10" chance="100.00" /> <!-- Elcyum Powder -->
	</crystalizable_item>
	<crystalizable_item id="24074"> <!-- Agathion - Scorpio (Stage 2) -->
		<item id="24337" count="1" chance="29.20" /> <!-- Starlight Jar Pouch -->
		<item id="19440" count="15" chance="100.00" /> <!-- Gemstone (R-grade) -->
		<item id="36513" count="10" chance="100.00" /> <!-- Elcyum Powder -->
	</crystalizable_item>	
	<crystalizable_item id="24075"> <!-- Agathion - Scorpio (Stage 3) -->
		<item id="24337" count="1" chance="38.87" /> <!-- Starlight Jar Pouch -->
		<item id="19440" count="23" chance="100.00" /> <!-- Gemstone (R-grade) -->
		<item id="36513" count="10" chance="100.00" /> <!-- Elcyum Powder -->
	</crystalizable_item>
	<crystalizable_item id="24076"> <!-- Agathion - Scorpio (Stage 4) -->
		<item id="24337" count="1" chance="41.66" /> <!-- Starlight Jar Pouch -->
		<item id="19440" count="31" chance="100.00" /> <!-- Gemstone (R-grade) -->
		<item id="36514" count="10" chance="100.00" /> <!-- Elcyum Crystal -->
	</crystalizable_item>	
	<crystalizable_item id="24077"> <!-- Agathion - Scorpio (Stage 5) -->
		<item id="24337" count="1" chance="50.00" /> <!-- Starlight Jar Pouch -->
		<item id="19440" count="21" chance="100.00" /> <!-- Gemstone (R-grade) -->
		<item id="36514" count="10" chance="100.00" /> <!-- Elcyum Crystal -->
	</crystalizable_item>
	<crystalizable_item id="24078"> <!-- Agathion - Scorpio (Stage 6) -->
		<item id="24337" count="1" chance="58.00" /> <!-- Starlight Jar Pouch -->
		<item id="19440" count="30" chance="100.00" /> <!-- Gemstone (R-grade) -->
		<item id="36514" count="10" chance="100.00" /> <!-- Elcyum Crystal -->
	</crystalizable_item>	
	<crystalizable_item id="24079"> <!-- Agathion - Scorpio (Stage 7) -->
		<item id="24337" count="1" chance="66.69" /> <!-- Starlight Jar Pouch -->
		<item id="19440" count="40" chance="100.00" /> <!-- Gemstone (R-grade) -->
		<item id="36514" count="10" chance="100.00" /> <!-- Elcyum Crystal -->
	</crystalizable_item>	
	<crystalizable_item id="24080"> <!-- Agathion - Scorpio (Stage 8) -->
		<item id="24337" count="1" chance="75.03" /> <!-- Starlight Jar Pouch -->
		<item id="19440" count="46" chance="100.00" /> <!-- Gemstone (R-grade) -->
		<item id="36514" count="10" chance="100.00" /> <!-- Elcyum Crystal -->
	</crystalizable_item>
	<crystalizable_item id="24081"> <!-- Agathion - Scorpio (Stage 9) -->
		<item id="24337" count="1" chance="83.37" /> <!-- Starlight Jar Pouch -->
		<item id="19440" count="52" chance="100.00" /> <!-- Gemstone (R-grade) -->
		<item id="36514" count="10" chance="100.00" /> <!-- Elcyum Crystal -->
	</crystalizable_item>	
	<crystalizable_item id="24082"> <!-- Agathion - Scorpio (Stage 10) -->
		<item id="24337" count="1" chance="91.70" /> <!-- Starlight Jar Pouch -->
		<item id="19440" count="57" chance="100.00" /> <!-- Gemstone (R-grade) -->
		<item id="36514" count="10" chance="100.00" /> <!-- Elcyum Crystal -->
	</crystalizable_item>	
	<crystalizable_item id="24083"> <!-- Agathion - Scorpio (Stage 11) -->
		<item id="24337" count="1" chance="100.00" /> <!-- Starlight Jar Pouch -->
		<item id="19440" count="63" chance="100.00" /> <!-- Gemstone (R-grade) -->
		<item id="36514" count="10" chance="100.00" /> <!-- Elcyum Crystal -->
	</crystalizable_item>	
	<crystalizable_item id="24084"> <!-- Agathion - Scorpio (Stage 12) -->
		<item id="24337" count="1" chance="100.00" /> <!-- Starlight Jar Pouch -->
		<item id="19440" count="137" chance="100.00" /> <!-- Gemstone (R-grade) -->
		<item id="36514" count="10" chance="100.00" /> <!-- Elcyum Crystal -->
	</crystalizable_item>
	<crystalizable_item id="24085"> <!-- Agathion - Aquarius (Stage 1) -->
		<item id="24337" count="1" chance="19.47" /> <!-- Starlight Jar Pouch -->
		<item id="19440" count="8" chance="100.00" /> <!-- Gemstone (R-grade) -->
		<item id="36513" count="10" chance="100.00" /> <!-- Elcyum Powder -->
	</crystalizable_item>
	<crystalizable_item id="24086"> <!-- Agathion - Aquarius (Stage 2) -->
		<item id="24337" count="1" chance="29.20" /> <!-- Starlight Jar Pouch -->
		<item id="19440" count="15" chance="100.00" /> <!-- Gemstone (R-grade) -->
		<item id="36513" count="10" chance="100.00" /> <!-- Elcyum Powder -->
	</crystalizable_item>	
	<crystalizable_item id="24087"> <!-- Agathion - Aquarius (Stage 3) -->
		<item id="24337" count="1" chance="38.87" /> <!-- Starlight Jar Pouch -->
		<item id="19440" count="23" chance="100.00" /> <!-- Gemstone (R-grade) -->
		<item id="36513" count="10" chance="100.00" /> <!-- Elcyum Powder -->
	</crystalizable_item>
	<crystalizable_item id="24088"> <!-- Agathion - Aquarius (Stage 4) -->
		<item id="24337" count="1" chance="41.66" /> <!-- Starlight Jar Pouch -->
		<item id="19440" count="31" chance="100.00" /> <!-- Gemstone (R-grade) -->
		<item id="36514" count="10" chance="100.00" /> <!-- Elcyum Crystal -->
	</crystalizable_item>	
	<crystalizable_item id="24089"> <!-- Agathion - Aquarius (Stage 5) -->
		<item id="24337" count="1" chance="50.00" /> <!-- Starlight Jar Pouch -->
		<item id="19440" count="21" chance="100.00" /> <!-- Gemstone (R-grade) -->
		<item id="36514" count="10" chance="100.00" /> <!-- Elcyum Crystal -->
	</crystalizable_item>
	<crystalizable_item id="24090"> <!-- Agathion - Aquarius (Stage 6) -->
		<item id="24337" count="1" chance="58.00" /> <!-- Starlight Jar Pouch -->
		<item id="19440" count="30" chance="100.00" /> <!-- Gemstone (R-grade) -->
		<item id="36514" count="10" chance="100.00" /> <!-- Elcyum Crystal -->
	</crystalizable_item>	
	<crystalizable_item id="24091"> <!-- Agathion - Aquarius (Stage 7) -->
		<item id="24337" count="1" chance="66.69" /> <!-- Starlight Jar Pouch -->
		<item id="19440" count="40" chance="100.00" /> <!-- Gemstone (R-grade) -->
		<item id="36514" count="10" chance="100.00" /> <!-- Elcyum Crystal -->
	</crystalizable_item>	
	<crystalizable_item id="24092"> <!-- Agathion - Aquarius (Stage 8) -->
		<item id="24337" count="1" chance="75.03" /> <!-- Starlight Jar Pouch -->
		<item id="19440" count="46" chance="100.00" /> <!-- Gemstone (R-grade) -->
		<item id="36514" count="10" chance="100.00" /> <!-- Elcyum Crystal -->
	</crystalizable_item>
	<crystalizable_item id="24093"> <!-- Agathion - Aquarius (Stage 9) -->
		<item id="24337" count="1" chance="83.37" /> <!-- Starlight Jar Pouch -->
		<item id="19440" count="52" chance="100.00" /> <!-- Gemstone (R-grade) -->
		<item id="36514" count="10" chance="100.00" /> <!-- Elcyum Crystal -->
	</crystalizable_item>	
	<crystalizable_item id="24094"> <!-- Agathion - Aquarius (Stage 10) -->
		<item id="24337" count="1" chance="91.70" /> <!-- Starlight Jar Pouch -->
		<item id="19440" count="57" chance="100.00" /> <!-- Gemstone (R-grade) -->
		<item id="36514" count="10" chance="100.00" /> <!-- Elcyum Crystal -->
	</crystalizable_item>	
	<crystalizable_item id="24095"> <!-- Agathion - Aquarius (Stage 11) -->
		<item id="24337" count="1" chance="100.00" /> <!-- Starlight Jar Pouch -->
		<item id="19440" count="63" chance="100.00" /> <!-- Gemstone (R-grade) -->
		<item id="36514" count="10" chance="100.00" /> <!-- Elcyum Crystal -->
	</crystalizable_item>	
	<crystalizable_item id="24096"> <!-- Agathion - Aquarius (Stage 12) -->
		<item id="24337" count="1" chance="100.00" /> <!-- Starlight Jar Pouch -->
		<item id="19440" count="137" chance="100.00" /> <!-- Gemstone (R-grade) -->
		<item id="36514" count="10" chance="100.00" /> <!-- Elcyum Crystal -->
	</crystalizable_item>
	<crystalizable_item id="24097"> <!-- Agathion - Pisces (Stage 1) -->
		<item id="24337" count="1" chance="19.47" /> <!-- Starlight Jar Pouch -->
		<item id="19440" count="8" chance="100.00" /> <!-- Gemstone (R-grade) -->
		<item id="36513" count="10" chance="100.00" /> <!-- Elcyum Powder -->
	</crystalizable_item>
	<crystalizable_item id="24098"> <!-- Agathion - Pisces (Stage 2) -->
		<item id="24337" count="1" chance="29.20" /> <!-- Starlight Jar Pouch -->
		<item id="19440" count="15" chance="100.00" /> <!-- Gemstone (R-grade) -->
		<item id="36513" count="10" chance="100.00" /> <!-- Elcyum Powder -->
	</crystalizable_item>	
	<crystalizable_item id="24099"> <!-- Agathion - Pisces (Stage 3) -->
		<item id="24337" count="1" chance="38.87" /> <!-- Starlight Jar Pouch -->
		<item id="19440" count="23" chance="100.00" /> <!-- Gemstone (R-grade) -->
		<item id="36513" count="10" chance="100.00" /> <!-- Elcyum Powder -->
	</crystalizable_item>
	<crystalizable_item id="24100"> <!-- Agathion - Pisces (Stage 4) -->
		<item id="24337" count="1" chance="41.66" /> <!-- Starlight Jar Pouch -->
		<item id="19440" count="31" chance="100.00" /> <!-- Gemstone (R-grade) -->
		<item id="36514" count="10" chance="100.00" /> <!-- Elcyum Crystal -->
	</crystalizable_item>	
	<crystalizable_item id="24101"> <!-- Agathion - Pisces (Stage 5) -->
		<item id="24337" count="1" chance="50.00" /> <!-- Starlight Jar Pouch -->
		<item id="19440" count="21" chance="100.00" /> <!-- Gemstone (R-grade) -->
		<item id="36514" count="10" chance="100.00" /> <!-- Elcyum Crystal -->
	</crystalizable_item>
	<crystalizable_item id="24102"> <!-- Agathion - Pisces (Stage 6) -->
		<item id="24337" count="1" chance="58.00" /> <!-- Starlight Jar Pouch -->
		<item id="19440" count="30" chance="100.00" /> <!-- Gemstone (R-grade) -->
		<item id="36514" count="10" chance="100.00" /> <!-- Elcyum Crystal -->
	</crystalizable_item>	
	<crystalizable_item id="24103"> <!-- Agathion - Pisces (Stage 7) -->
		<item id="24337" count="1" chance="66.69" /> <!-- Starlight Jar Pouch -->
		<item id="19440" count="40" chance="100.00" /> <!-- Gemstone (R-grade) -->
		<item id="36514" count="10" chance="100.00" /> <!-- Elcyum Crystal -->
	</crystalizable_item>	
	<crystalizable_item id="24104"> <!-- Agathion - Pisces (Stage 8) -->
		<item id="24337" count="1" chance="75.03" /> <!-- Starlight Jar Pouch -->
		<item id="19440" count="46" chance="100.00" /> <!-- Gemstone (R-grade) -->
		<item id="36514" count="10" chance="100.00" /> <!-- Elcyum Crystal -->
	</crystalizable_item>
	<crystalizable_item id="24105"> <!-- Agathion - Pisces (Stage 9) -->
		<item id="24337" count="1" chance="83.37" /> <!-- Starlight Jar Pouch -->
		<item id="19440" count="52" chance="100.00" /> <!-- Gemstone (R-grade) -->
		<item id="36514" count="10" chance="100.00" /> <!-- Elcyum Crystal -->
	</crystalizable_item>	
	<crystalizable_item id="24106"> <!-- Agathion - Pisces (Stage 10) -->
		<item id="24337" count="1" chance="91.70" /> <!-- Starlight Jar Pouch -->
		<item id="19440" count="57" chance="100.00" /> <!-- Gemstone (R-grade) -->
		<item id="36514" count="10" chance="100.00" /> <!-- Elcyum Crystal -->
	</crystalizable_item>	
	<crystalizable_item id="24107"> <!-- Agathion - Pisces (Stage 11) -->
		<item id="24337" count="1" chance="100.00" /> <!-- Starlight Jar Pouch -->
		<item id="19440" count="63" chance="100.00" /> <!-- Gemstone (R-grade) -->
		<item id="36514" count="10" chance="100.00" /> <!-- Elcyum Crystal -->
	</crystalizable_item>	
	<crystalizable_item id="24108"> <!-- Agathion - Pisces (Stage 12) -->
		<item id="24337" count="1" chance="100.00" /> <!-- Starlight Jar Pouch -->
		<item id="19440" count="137" chance="100.00" /> <!-- Gemstone (R-grade) -->
		<item id="36514" count="10" chance="100.00" /> <!-- Elcyum Crystal -->
	</crystalizable_item>
	<crystalizable_item id="24109"> <!-- Agathion - Sagittarius (Stage 1) -->
		<item id="24337" count="1" chance="19.47" /> <!-- Starlight Jar Pouch -->
		<item id="19440" count="8" chance="100.00" /> <!-- Gemstone (R-grade) -->
		<item id="36513" count="10" chance="100.00" /> <!-- Elcyum Powder -->
	</crystalizable_item>
	<crystalizable_item id="24110"> <!-- Agathion - Sagittarius (Stage 2) -->
		<item id="24337" count="1" chance="29.20" /> <!-- Starlight Jar Pouch -->
		<item id="19440" count="15" chance="100.00" /> <!-- Gemstone (R-grade) -->
		<item id="36513" count="10" chance="100.00" /> <!-- Elcyum Powder -->
	</crystalizable_item>	
	<crystalizable_item id="24111"> <!-- Agathion - Sagittarius (Stage 3) -->
		<item id="24337" count="1" chance="38.87" /> <!-- Starlight Jar Pouch -->
		<item id="19440" count="23" chance="100.00" /> <!-- Gemstone (R-grade) -->
		<item id="36513" count="10" chance="100.00" /> <!-- Elcyum Powder -->
	</crystalizable_item>
	<crystalizable_item id="24112"> <!-- Agathion - Sagittarius (Stage 4) -->
		<item id="24337" count="1" chance="41.66" /> <!-- Starlight Jar Pouch -->
		<item id="19440" count="31" chance="100.00" /> <!-- Gemstone (R-grade) -->
		<item id="36514" count="10" chance="100.00" /> <!-- Elcyum Crystal -->
	</crystalizable_item>	
	<crystalizable_item id="24113"> <!-- Agathion - Sagittarius (Stage 5) -->
		<item id="24337" count="1" chance="50.00" /> <!-- Starlight Jar Pouch -->
		<item id="19440" count="21" chance="100.00" /> <!-- Gemstone (R-grade) -->
		<item id="36514" count="10" chance="100.00" /> <!-- Elcyum Crystal -->
	</crystalizable_item>
	<crystalizable_item id="24114"> <!-- Agathion - Sagittarius (Stage 6) -->
		<item id="24337" count="1" chance="58.00" /> <!-- Starlight Jar Pouch -->
		<item id="19440" count="30" chance="100.00" /> <!-- Gemstone (R-grade) -->
		<item id="36514" count="10" chance="100.00" /> <!-- Elcyum Crystal -->
	</crystalizable_item>	
	<crystalizable_item id="24115"> <!-- Agathion - Sagittarius (Stage 7) -->
		<item id="24337" count="1" chance="66.69" /> <!-- Starlight Jar Pouch -->
		<item id="19440" count="40" chance="100.00" /> <!-- Gemstone (R-grade) -->
		<item id="36514" count="10" chance="100.00" /> <!-- Elcyum Crystal -->
	</crystalizable_item>	
	<crystalizable_item id="24116"> <!-- Agathion - Sagittarius (Stage 8) -->
		<item id="24337" count="1" chance="75.03" /> <!-- Starlight Jar Pouch -->
		<item id="19440" count="46" chance="100.00" /> <!-- Gemstone (R-grade) -->
		<item id="36514" count="10" chance="100.00" /> <!-- Elcyum Crystal -->
	</crystalizable_item>
	<crystalizable_item id="24117"> <!-- Agathion - Sagittarius (Stage 9) -->
		<item id="24337" count="1" chance="83.37" /> <!-- Starlight Jar Pouch -->
		<item id="19440" count="52" chance="100.00" /> <!-- Gemstone (R-grade) -->
		<item id="36514" count="10" chance="100.00" /> <!-- Elcyum Crystal -->
	</crystalizable_item>	
	<crystalizable_item id="24118"> <!-- Agathion - Sagittarius (Stage 10) -->
		<item id="24337" count="1" chance="91.70" /> <!-- Starlight Jar Pouch -->
		<item id="19440" count="57" chance="100.00" /> <!-- Gemstone (R-grade) -->
		<item id="36514" count="10" chance="100.00" /> <!-- Elcyum Crystal -->
	</crystalizable_item>	
	<crystalizable_item id="24119"> <!-- Agathion - Sagittarius (Stage 11) -->
		<item id="24337" count="1" chance="100.00" /> <!-- Starlight Jar Pouch -->
		<item id="19440" count="63" chance="100.00" /> <!-- Gemstone (R-grade) -->
		<item id="36514" count="10" chance="100.00" /> <!-- Elcyum Crystal -->
	</crystalizable_item>	
	<crystalizable_item id="24120"> <!-- Agathion - Sagittarius (Stage 12) -->
		<item id="24337" count="1" chance="100.00" /> <!-- Starlight Jar Pouch -->
		<item id="19440" count="137" chance="100.00" /> <!-- Gemstone (R-grade) -->
		<item id="36514" count="10" chance="100.00" /> <!-- Elcyum Crystal -->
	</crystalizable_item>
	<crystalizable_item id="24121"> <!-- Agathion - Cancer (Stage 1) -->
		<item id="24337" count="1" chance="19.47" /> <!-- Starlight Jar Pouch -->
		<item id="19440" count="8" chance="100.00" /> <!-- Gemstone (R-grade) -->
		<item id="36513" count="10" chance="100.00" /> <!-- Elcyum Powder -->
	</crystalizable_item>
	<crystalizable_item id="24122"> <!-- Agathion - Cancer (Stage 2) -->
		<item id="24337" count="1" chance="29.20" /> <!-- Starlight Jar Pouch -->
		<item id="19440" count="15" chance="100.00" /> <!-- Gemstone (R-grade) -->
		<item id="36513" count="10" chance="100.00" /> <!-- Elcyum Powder -->
	</crystalizable_item>	
	<crystalizable_item id="24123"> <!-- Agathion - Cancer (Stage 3) -->
		<item id="24337" count="1" chance="38.87" /> <!-- Starlight Jar Pouch -->
		<item id="19440" count="23" chance="100.00" /> <!-- Gemstone (R-grade) -->
		<item id="36513" count="10" chance="100.00" /> <!-- Elcyum Powder -->
	</crystalizable_item>
	<crystalizable_item id="24124"> <!-- Agathion - Cancer (Stage 4) -->
		<item id="24337" count="1" chance="41.66" /> <!-- Starlight Jar Pouch -->
		<item id="19440" count="31" chance="100.00" /> <!-- Gemstone (R-grade) -->
		<item id="36514" count="10" chance="100.00" /> <!-- Elcyum Crystal -->
	</crystalizable_item>	
	<crystalizable_item id="24125"> <!-- Agathion - Cancer (Stage 5) -->
		<item id="24337" count="1" chance="50.00" /> <!-- Starlight Jar Pouch -->
		<item id="19440" count="21" chance="100.00" /> <!-- Gemstone (R-grade) -->
		<item id="36514" count="10" chance="100.00" /> <!-- Elcyum Crystal -->
	</crystalizable_item>
	<crystalizable_item id="24126"> <!-- Agathion - Cancer (Stage 6) -->
		<item id="24337" count="1" chance="58.00" /> <!-- Starlight Jar Pouch -->
		<item id="19440" count="30" chance="100.00" /> <!-- Gemstone (R-grade) -->
		<item id="36514" count="10" chance="100.00" /> <!-- Elcyum Crystal -->
	</crystalizable_item>	
	<crystalizable_item id="24127"> <!-- Agathion - Cancer (Stage 7) -->
		<item id="24337" count="1" chance="66.69" /> <!-- Starlight Jar Pouch -->
		<item id="19440" count="40" chance="100.00" /> <!-- Gemstone (R-grade) -->
		<item id="36514" count="10" chance="100.00" /> <!-- Elcyum Crystal -->
	</crystalizable_item>	
	<crystalizable_item id="24128"> <!-- Agathion - Cancer (Stage 8) -->
		<item id="24337" count="1" chance="75.03" /> <!-- Starlight Jar Pouch -->
		<item id="19440" count="46" chance="100.00" /> <!-- Gemstone (R-grade) -->
		<item id="36514" count="10" chance="100.00" /> <!-- Elcyum Crystal -->
	</crystalizable_item>
	<crystalizable_item id="24129"> <!-- Agathion - Cancer (Stage 9) -->
		<item id="24337" count="1" chance="83.37" /> <!-- Starlight Jar Pouch -->
		<item id="19440" count="52" chance="100.00" /> <!-- Gemstone (R-grade) -->
		<item id="36514" count="10" chance="100.00" /> <!-- Elcyum Crystal -->
	</crystalizable_item>	
	<crystalizable_item id="24130"> <!-- Agathion - Cancer (Stage 10) -->
		<item id="24337" count="1" chance="91.70" /> <!-- Starlight Jar Pouch -->
		<item id="19440" count="57" chance="100.00" /> <!-- Gemstone (R-grade) -->
		<item id="36514" count="10" chance="100.00" /> <!-- Elcyum Crystal -->
	</crystalizable_item>	
	<crystalizable_item id="24131"> <!-- Agathion - Cancer (Stage 11) -->
		<item id="24337" count="1" chance="100.00" /> <!-- Starlight Jar Pouch -->
		<item id="19440" count="63" chance="100.00" /> <!-- Gemstone (R-grade) -->
		<item id="36514" count="10" chance="100.00" /> <!-- Elcyum Crystal -->
	</crystalizable_item>	
	<crystalizable_item id="24132"> <!-- Agathion - Cancer (Stage 12) -->
		<item id="24337" count="1" chance="100.00" /> <!-- Starlight Jar Pouch -->
		<item id="19440" count="137" chance="100.00" /> <!-- Gemstone (R-grade) -->
		<item id="36514" count="10" chance="100.00" /> <!-- Elcyum Crystal -->
	</crystalizable_item>
</list>