<?xml version="1.0" encoding="UTF-8"?>
<list xmlns:xsi="http://www.w3.org/2001/XMLSchema-instance" xsi:noNamespaceSchemaLocation="xsd/DailyMissions.xsd">
	<mission id="1" clientId="26" type="LEVEL" level="4" classes="ALL">
		<reward item="10650" count="5"/>
	</mission>
	<mission id="2" clientId="28" type="LEVEL" level="6" classes="0,1,2,3,4,5,6,7,8,9,10,11,12,13,14,15,16,17,18,19,20,21,22,23">
		<reward item="32226" count="10"/>
	</mission>
	<mission id="3" clientId="28" type="LEVEL" level="6" classes="182,183,184,185,186,187,188,189">
		<reward item="40195" count="10"/>
	</mission>
	<mission id="4" clientId="31" type="LEVEL" level="9" classes="ALL">
		<reward item="22193" count="1"/>
	</mission>
	<mission id="5" clientId="34" type="LEVEL" level="12" classes="ALL">
		<reward item="20922" count="1"/>
	</mission>
	<mission id="6" clientId="37" type="LEVEL" level="15" classes="ALL">
		<reward item="9577" count="1"/>
	</mission>
	<mission id="7" clientId="57" type="LEVEL" level="35" classes="ALL">
		<reward item="9578" count="1"/>
	</mission>
	<mission id="8" clientId="63" type="LEVEL" level="41" classes="ALL">
		<reward item="27565" count="1"/>
	</mission>
	<mission id="9" clientId="64" type="LEVEL" level="42" classes="ALL">
		<reward item="38606" count="1"/>
	</mission>
	<mission id="10" clientId="65" type="LEVEL" level="43" classes="ALL">
		<reward item="38602" count="1"/>
	</mission>
	<mission id="11" clientId="66" type="LEVEL" level="44" classes="0,18,31,44,53,1,4,19,32,45,54,56,2,3,5,6,20,21,33,34,46,55,57,118,117,88,89,90,91,99,100,106,107,113,139,140,144">
		<reward item="38603" count="1"/>
	</mission>
	<mission id="12" clientId="66" type="LEVEL" level="44" classes="49,123,124,7,22,35,47,50,125,126,8,9,23,24,36,37,48,51,52,127,128,129,130,135,92,93,101,102,108,109,114,115,116,141,142,182,184,186,188">
		<reward item="38611" count="1"/>
		<reward item="38612" count="1"/>
	</mission>
	<mission id="13" clientId="66" type="LEVEL" level="44" classes="10,25,38,11,15,26,29,39,42,12,13,14,16,17,27,28,30,40,41,43,94,95,96,97,98,103,104,105,110,111,112,143,145,146,183,185,187,189">
		<reward item="38607" count="1"/>
		<reward item="38608" count="1"/>
	</mission>
	<mission id="14" clientId="67" type="LEVEL" level="45" classes="0,18,31,44,53,1,4,19,32,45,54,56,2,3,5,6,20,21,33,34,46,55,57,118,117,88,89,90,91,99,100,106,107,113,139,140,144">
		<reward item="38605" count="1"/>
		<reward item="9579" count="1"/>
	</mission>
	<mission id="15" clientId="67" type="LEVEL" level="45" classes="49,123,124,7,22,35,47,50,125,126,8,9,23,24,36,37,48,51,52,127,128,129,130,135,92,93,101,102,108,109,114,115,116,141,142,182,184,186,188">
		<reward item="38614" count="1"/>
		<reward item="9579" count="1"/>
	</mission>
	<mission id="16" clientId="67" type="LEVEL" level="45" classes="10,25,38,11,15,26,29,39,42,12,13,14,16,17,27,28,30,40,41,43,94,95,96,97,98,103,104,105,110,111,112,143,145,146,183,185,187,189">
		<reward item="38609" count="1"/>
		<reward item="9579" count="1"/>
	</mission>
	<mission id="17" clientId="68" type="LEVEL" level="46" classes="0,18,31,44,53,1,4,19,32,45,54,56,2,3,5,6,20,21,33,34,46,55,57,118,117,88,89,90,91,99,100,106,107,113,139,140,144">
		<reward item="38604" count="1"/>
		<reward item="35987" count="1"/>
	</mission>
	<mission id="18" clientId="68" type="LEVEL" level="46" classes="49,123,124,7,22,35,47,50,125,126,8,9,23,24,36,37,48,51,52,127,128,129,130,135,92,93,101,102,108,109,114,115,116,141,142,182,184,186,188">
		<reward item="38613" count="1"/>
		<reward item="35987" count="1"/>
	</mission>
	<mission id="19" clientId="68" type="LEVEL" level="46" classes="10,25,38,11,15,26,29,39,42,12,13,14,16,17,27,28,30,40,41,43,94,95,96,97,98,103,104,105,110,111,112,143,145,146,183,185,187,189">
		<reward item="38610" count="1"/>
		<reward item="35987" count="1"/>
	</mission>
	<mission id="20" clientId="69" type="LEVEL" level="47" classes="ALL">
		<reward item="38674" count="1"/>
		<reward item="13894" count="1"/>
	</mission>
	<mission id="21" clientId="70" type="LEVEL" level="48" classes="ALL">
		<reward item="38676" count="1"/>
	</mission>
	<mission id="22" clientId="71" type="LEVEL" level="49" classes="ALL">
		<reward item="38675" count="1"/>
		<reward item="9589" count="1"/>
	</mission>
	<mission id="23" clientId="72" type="LEVEL" level="50" classes="ALL">
		<reward item="38674" count="1"/>
		<reward item="35987" count="1"/>
	</mission>
	<mission id="24" clientId="73" type="LEVEL" level="51" classes="ALL">
		<reward item="38676" count="1"/>
		<reward item="35987" count="1"/>
	</mission>
	<mission id="25" clientId="75" type="LEVEL" level="53" classes="ALL">
		<reward item="27566" count="1"/>
	</mission>
	<mission id="26" clientId="76" type="LEVEL" level="54" classes="ALL">
		<reward item="38619" count="1"/>
		<reward item="35987" count="1"/>
	</mission>
	<mission id="27" clientId="77" type="LEVEL" level="55" classes="0,18,31,44,53,1,4,19,32,45,54,56,2,3,5,6,20,21,33,34,46,55,57,118,117,88,89,90,91,99,100,106,107,113,139,140,144">
		<reward item="38615" count="1"/>
		<reward item="9580" count="1"/>
		<reward item="35987" count="1"/>
	</mission>
	<mission id="28" clientId="77" type="LEVEL" level="55" classes="49,123,124,7,22,35,47,50,125,126,8,9,23,24,36,37,48,51,52,127,128,129,130,135,92,93,101,102,108,109,114,115,116,141,142,182,184,186,188">
		<reward item="38615" count="1"/>
		<reward item="9580" count="1"/>
		<reward item="35987" count="1"/>
	</mission>
	<mission id="29" clientId="77" type="LEVEL" level="55" classes="10,25,38,11,15,26,29,39,42,12,13,14,16,17,27,28,30,40,41,43,94,95,96,97,98,103,104,105,110,111,112,143,145,146,183,185,187,189">
		<reward item="38621" count="1"/>
		<reward item="9580" count="1"/>
		<reward item="35987" count="1"/>
	</mission>
	<mission id="30" clientId="78" type="LEVEL" level="56" classes="0,18,31,44,53,1,4,19,32,45,54,56,2,3,5,6,20,21,33,34,46,55,57,118,117,88,89,90,91,99,100,106,107,113,139,140,144">
		<reward item="38618" count="1"/>
		<reward item="35987" count="1"/>
	</mission>
	<mission id="31" clientId="78" type="LEVEL" level="56" classes="49,123,124,7,22,35,47,50,125,126,8,9,23,24,36,37,48,51,52,127,128,129,130,135,92,93,101,102,108,109,114,115,116,141,142,182,184,186,188">
		<reward item="38625" count="1"/>
		<reward item="35987" count="1"/>
	</mission>
	<mission id="32" clientId="78" type="LEVEL" level="56" classes="10,25,38,11,15,26,29,39,42,12,13,14,16,17,27,28,30,40,41,43,94,95,96,97,98,103,104,105,110,111,112,143,145,146,183,185,187,189">
		<reward item="38620" count="1"/>
		<reward item="35987" count="1"/>
		<reward item="35987" count="1"/>
	</mission>
	<mission id="33" clientId="79" type="LEVEL" level="57" classes="0,18,31,44,53,1,4,19,32,45,54,56,2,3,5,6,20,21,33,34,46,55,57,118,117,88,89,90,91,99,100,106,107,113,139,140,144">
		<reward item="38616" count="1"/>
		<reward item="13895" count="1"/>
		<reward item="35987" count="1"/>
	</mission>
	<mission id="34" clientId="79" type="LEVEL" level="57" classes="49,123,124,7,22,35,47,50,125,126,8,9,23,24,36,37,48,51,52,127,128,129,130,135,92,93,101,102,108,109,114,115,116,141,142,182,184,186,188">
		<reward item="38626" count="1"/>
		<reward item="13895" count="1"/>
		<reward item="35987" count="1"/>
	</mission>
	<mission id="35" clientId="79" type="LEVEL" level="57" classes="10,25,38,11,15,26,29,39,42,12,13,14,16,17,27,28,30,40,41,43,94,95,96,97,98,103,104,105,110,111,112,143,145,146,183,185,187,189">
		<reward item="38622" count="1"/>
		<reward item="13895" count="1"/>
	</mission>
	<mission id="36" clientId="80" type="LEVEL" level="58" classes="0,18,31,44,53,1,4,19,32,45,54,56,2,3,5,6,20,21,33,34,46,55,57,118,117,88,89,90,91,99,100,106,107,113,139,140,144">
		<reward item="38617" count="1"/>
	</mission>
	<mission id="37" clientId="80" type="LEVEL" level="58" classes="49,123,124,7,22,35,47,50,125,126,8,9,23,24,36,37,48,51,52,127,128,129,130,135,92,93,101,102,108,109,114,115,116,141,142,182,184,186,188">
		<reward item="38627" count="1"/>
	</mission>
	<mission id="38" clientId="80" type="LEVEL" level="58" classes="10,25,38,11,15,26,29,39,42,12,13,14,16,17,27,28,30,40,41,43,94,95,96,97,98,103,104,105,110,111,112,143,145,146,183,185,187,189">
		<reward item="38623" count="1"/>
	</mission>
	<mission id="39" clientId="81" type="LEVEL" level="59" classes="ALL">
		<reward item="38677" count="1"/>
		<reward item="9590" count="1"/>
	</mission>
	<mission id="40" clientId="82" type="LEVEL" level="60" classes="ALL">
		<reward item="38679" count="1"/>
		<reward item="35987" count="1"/>
	</mission>
	<mission id="41" clientId="83" type="LEVEL" level="61" classes="ALL">
		<reward item="38678" count="1"/>
		<reward item="38677" count="1"/>
		<reward item="38679" count="1"/>
	</mission>
	<mission id="42" clientId="84" type="LEVEL" level="62" classes="ALL">
		<reward item="35987" count="1"/>
	</mission>
	<mission id="43" clientId="85" type="LEVEL" level="63" classes="ALL">
		<reward item="27567" count="1"/>
		<reward item="35987" count="1"/>
	</mission>
	<mission id="44" clientId="86" type="LEVEL" level="64" classes="ALL">
		<reward item="38632" count="1"/>
		<reward item="35987" count="1"/>
	</mission>
	<mission id="45" clientId="87" type="LEVEL" level="65" classes="0,18,31,44,53,1,4,19,32,45,54,56,2,3,5,6,20,21,33,34,46,55,57,118,117,88,89,90,91,99,100,106,107,113,139,140,144">
		<reward item="38629" count="1"/>
		<reward item="9581" count="1"/>
	</mission>
	<mission id="46" clientId="87" type="LEVEL" level="65" classes="49,123,124,7,22,35,47,50,125,126,8,9,23,24,36,37,48,51,52,127,128,129,130,135,92,93,101,102,108,109,114,115,116,141,142,182,184,186,188">
		<reward item="38634" count="1"/>
		<reward item="9581" count="1"/>
	</mission>
	<mission id="47" clientId="87" type="LEVEL" level="65" classes="10,25,38,11,15,26,29,39,42,12,13,14,16,17,27,28,30,40,41,43,94,95,96,97,98,103,104,105,110,111,112,143,145,146,183,185,187,189">
		<reward item="38634" count="1"/>
		<reward item="9581" count="1"/>
	</mission>
	<mission id="48" clientId="88" type="LEVEL" level="66" classes="0,18,31,44,53,1,4,19,32,45,54,56,2,3,5,6,20,21,33,34,46,55,57,118,117,88,89,90,91,99,100,106,107,113,139,140,144">
		<reward item="38628" count="1"/>
		<reward item="35987" count="1"/>
	</mission>
	<mission id="49" clientId="88" type="LEVEL" level="66" classes="49,123,124,7,22,35,47,50,125,126,8,9,23,24,36,37,48,51,52,127,128,129,130,135,92,93,101,102,108,109,114,115,116,141,142,182,184,186,188">
		<reward item="38638" count="1"/>
		<reward item="38639" count="1"/>
		<reward item="35987" count="1"/>
	</mission>
	<mission id="50" clientId="88" type="LEVEL" level="66" classes="10,25,38,11,15,26,29,39,42,12,13,14,16,17,27,28,30,40,41,43,94,95,96,97,98,103,104,105,110,111,112,143,145,146,183,185,187,189">
		<reward item="38633" count="1"/>
		<reward item="35987" count="1"/>
	</mission>
	<mission id="51" clientId="89" type="LEVEL" level="67" classes="0,18,31,44,53,1,4,19,32,45,54,56,2,3,5,6,20,21,33,34,46,55,57,118,117,88,89,90,91,99,100,106,107,113,139,140,144">
		<reward item="38630" count="1"/>
		<reward item="13896" count="1"/>
		<reward item="35987" count="1"/>
	</mission>
	<mission id="52" clientId="89" type="LEVEL" level="67" classes="49,123,124,7,22,35,47,50,125,126,8,9,23,24,36,37,48,51,52,127,128,129,130,135,92,93,101,102,108,109,114,115,116,141,142,182,184,186,188">
		<reward item="38640" count="1"/>
		<reward item="13896" count="1"/>
		<reward item="35987" count="1"/>
	</mission>
	<mission id="53" clientId="89" type="LEVEL" level="67" classes="10,25,38,11,15,26,29,39,42,12,13,14,16,17,27,28,30,40,41,43,94,95,96,97,98,103,104,105,110,111,112,143,145,146,183,185,187,189">
		<reward item="38635" count="1"/>
		<reward item="13896" count="1"/>
		<reward item="35987" count="1"/>
	</mission>
	<mission id="54" clientId="90" type="LEVEL" level="68" classes="0,18,31,44,53,1,4,19,32,45,54,56,2,3,5,6,20,21,33,34,46,55,57,118,117,88,89,90,91,99,100,106,107,113,139,140,144">
		<reward item="38631" count="1"/>
		<reward item="35987" count="1"/>
	</mission>
	<mission id="55" clientId="90" type="LEVEL" level="68" classes="49,123,124,7,22,35,47,50,125,126,8,9,23,24,36,37,48,51,52,127,128,129,130,135,92,93,101,102,108,109,114,115,116,141,142,182,184,186,188">
		<reward item="38641" count="1"/>
		<reward item="35987" count="1"/>
	</mission>
	<mission id="56" clientId="90" type="LEVEL" level="68" classes="10,25,38,11,15,26,29,39,42,12,13,14,16,17,27,28,30,40,41,43,94,95,96,97,98,103,104,105,110,111,112,143,145,146,183,185,187,189">
		<reward item="38636" count="1"/>
		<reward item="35987" count="1"/>
	</mission>
	<mission id="57" clientId="91" type="LEVEL" level="69" classes="ALL">
		<reward item="38680" count="1"/>
		<reward item="9591" count="1"/>
		<reward item="35987" count="1"/>
	</mission>
	<mission id="58" clientId="92" type="LEVEL" level="70" classes="ALL">
		<reward item="38682" count="1"/>
		<reward item="35987" count="1"/>
	</mission>
	<mission id="59" clientId="93" type="LEVEL" level="71" classes="ALL">
		<reward item="38681" count="1"/>
		<reward item="35987" count="1"/>
	</mission>
	<mission id="60" clientId="94" type="LEVEL" level="72" classes="ALL">
		<reward item="38680" count="1"/>
		<reward item="35987" count="1"/>
	</mission>
	<mission id="61" clientId="95" type="LEVEL" level="73" classes="ALL">
		<reward item="38682" count="1"/>
		<reward item="35987" count="1"/>
	</mission>
	<mission id="62" clientId="96" type="LEVEL" level="74" classes="ALL">
		<reward item="24351" count="1"/>
		<reward item="24352" count="1"/>
		<reward item="24353" count="1"/>
		<reward item="24354" count="1"/>
		<reward item="35987" count="1"/>
	</mission>
	<mission id="63" clientId="97" type="LEVEL" level="75" classes="ALL">
		<reward item="35987" count="1"/>
	</mission>
	<mission id="64" clientId="98" type="LEVEL" level="76" classes="ALL">
		<reward item="35987" count="1"/>
	</mission>
	<mission id="65" clientId="99" type="LEVEL" level="77" classes="ALL">
		<reward item="27568" count="1"/>
		<reward item="9582" count="1"/>
	</mission>
	<mission id="66" clientId="100" type="LEVEL" level="78" classes="0,18,31,44,53,1,4,19,32,45,54,56,2,3,5,6,20,21,33,34,46,55,57,118,117,88,89,90,91,99,100,106,107,113,139,140,144">
		<reward item="38647" count="1"/>
		<reward item="35987" count="1"/>
		<reward item="35987" count="1"/>
	</mission>
	<mission id="67" clientId="100" type="LEVEL" level="78" classes="49,123,124,7,22,35,47,50,125,126,8,9,23,24,36,37,48,51,52,127,128,129,130,135,92,93,101,102,108,109,114,115,116,141,142,182,184,186,188">
		<reward item="35987" count="1"/>
	</mission>
	<mission id="68" clientId="100" type="LEVEL" level="78" classes="10,25,38,11,15,26,29,39,42,12,13,14,16,17,27,28,30,40,41,43,94,95,96,97,98,103,104,105,110,111,112,143,145,146,183,185,187,189">
		<reward item="38652" count="1"/>
		<reward item="35987" count="1"/>
	</mission>
	<mission id="69" clientId="101" type="LEVEL" level="79" classes="0,18,31,44,53,1,4,19,32,45,54,56,2,3,5,6,20,21,33,34,46,55,57,118,117,88,89,90,91,99,100,106,107,113,139,140,144">
		<reward item="38646" count="1"/>
		<reward item="38642" count="1"/>
		<reward item="38643" count="1"/>
		<reward item="13897" count="1"/>
		<reward item="35987" count="1"/>
	</mission>
	<mission id="70" clientId="101" type="LEVEL" level="79" classes="49,123,124,7,22,35,47,50,125,126,8,9,23,24,36,37,48,51,52,127,128,129,130,135,92,93,101,102,108,109,114,115,116,141,142,182,184,186,188">
		<reward item="38656" count="1"/>
		<reward item="38653" count="1"/>
		<reward item="13897" count="1"/>
		<reward item="35987" count="1"/>
	</mission>
	<mission id="71" clientId="101" type="LEVEL" level="79" classes="10,25,38,11,15,26,29,39,42,12,13,14,16,17,27,28,30,40,41,43,94,95,96,97,98,103,104,105,110,111,112,143,145,146,183,185,187,189">
		<reward item="38651" count="1"/>
		<reward item="38648" count="1"/>
		<reward item="13897" count="1"/>
		<reward item="35987" count="1"/>
	</mission>
	<mission id="72" clientId="102" type="LEVEL" level="80" classes="0,18,31,44,53,1,4,19,32,45,54,56,2,3,5,6,20,21,33,34,46,55,57,118,117,88,89,90,91,99,100,106,107,113,139,140,144">
		<reward item="38644" count="1"/>
		<reward item="38645" count="1"/>
		<reward item="9592" count="1"/>
		<reward item="35987" count="1"/>
	</mission>
	<mission id="73" clientId="102" type="LEVEL" level="80" classes="49,123,124,7,22,35,47,50,125,126,8,9,23,24,36,37,48,51,52,127,128,129,130,135,92,93,101,102,108,109,114,115,116,141,142,182,184,186,188">
		<reward item="38654" count="1"/>
		<reward item="38655" count="1"/>
		<reward item="9592" count="1"/>
		<reward item="35987" count="1"/>
	</mission>
	<mission id="74" clientId="102" type="LEVEL" level="80" classes="10,25,38,11,15,26,29,39,42,12,13,14,16,17,27,28,30,40,41,43,94,95,96,97,98,103,104,105,110,111,112,143,145,146,183,185,187,189">
		<reward item="38649" count="1"/>
		<reward item="38650" count="1"/>
		<reward item="9592" count="1"/>
		<reward item="35987" count="1"/>
	</mission>
	<mission id="75" clientId="103" type="LEVEL" level="81" classes="ALL">
		<reward item="27569" count="1"/>
		<reward item="38684" count="1"/>
		<reward item="38683" count="1"/>
		<reward item="38685" count="1"/>
		<reward item="35987" count="1"/>
	</mission>
	<mission id="76" clientId="104" type="LEVEL" level="82" classes="0,18,31,44,53,1,4,19,32,45,54,56,2,3,5,6,20,21,33,34,46,55,57,118,117,88,89,90,91,99,100,106,107,113,139,140,144">
		<reward item="38662" count="1"/>
		<reward item="35987" count="1"/>
	</mission>
	<mission id="77" clientId="104" type="LEVEL" level="82" classes="49,123,124,7,22,35,47,50,125,126,8,9,23,24,36,37,48,51,52,127,128,129,130,135,92,93,101,102,108,109,114,115,116,141,142,182,184,186,188">
		<reward item="35987" count="1"/>
	</mission>
	<mission id="78" clientId="104" type="LEVEL" level="82" classes="10,25,38,11,15,26,29,39,42,12,13,14,16,17,27,28,30,40,41,43,94,95,96,97,98,103,104,105,110,111,112,143,145,146,183,185,187,189">
		<reward item="38668" count="1"/>
		<reward item="35987" count="1"/>
	</mission>
	<mission id="79" clientId="105" type="LEVEL" level="83" classes="0,18,31,44,53,1,4,19,32,45,54,56,2,3,5,6,20,21,33,34,46,55,57,118,117,88,89,90,91,99,100,106,107,113,139,140,144">
		<reward item="38659" count="1"/>
		<reward item="38657" count="1"/>
		<reward item="38658" count="1"/>
		<reward item="38660" count="1"/>
		<reward item="38661" count="1"/>
		<reward item="35987" count="1"/>
	</mission>
	<mission id="80" clientId="105" type="LEVEL" level="83" classes="49,123,124,7,22,35,47,50,125,126,8,9,23,24,36,37,48,51,52,127,128,129,130,135,92,93,101,102,108,109,114,115,116,141,142,182,184,186,188">
		<reward item="38671" count="1"/>
		<reward item="38669" count="1"/>
		<reward item="38670" count="1"/>
		<reward item="38672" count="1"/>
		<reward item="38673" count="1"/>
		<reward item="35987" count="1"/>
	</mission>
	<mission id="81" clientId="105" type="LEVEL" level="83" classes="10,25,38,11,15,26,29,39,42,12,13,14,16,17,27,28,30,40,41,43,94,95,96,97,98,103,104,105,110,111,112,143,145,146,183,185,187,189">
		<reward item="38665" count="1"/>
		<reward item="38663" count="1"/>
		<reward item="38664" count="1"/>
		<reward item="38666" count="1"/>
		<reward item="38667" count="1"/>
		<reward item="35987" count="1"/>
	</mission>
	<mission id="82" clientId="106" type="LEVEL" level="84" classes="ALL">
		<reward item="38687" count="1"/>
		<reward item="38686" count="1"/>
		<reward item="38688" count="1"/>
		<reward item="35987" count="1"/>
	</mission>
	<mission id="83" clientId="187" type="DUALCLASS" level="1" classes="ALL">
		<reward item="35987" count="10"/>
	</mission>
	<mission id="84" clientId="224" type="WEEKEND" level="1" classes="ALL">
		<reward item="27593" count="4"/>
		<reward item="27603" count="1"/>
	</mission>
	<mission id="85" clientId="225" type="MONTHLY" level="1" classes="ALL">
		<reward item="27593" count="15"/>
		<reward item="27603" count="1"/>
	</mission>
	<mission id="86" clientId="226" type="DAILYQUESTS" level="1" classes="ALL">
		<reward item="27593" count="1"/>
		<reward item="27603" count="1"/>
	</mission>
	<mission id="87" clientId="227" type="OLYMPIAD" level="1" classes="ALL">
		<reward item="27593" count="4"/>
		<reward item="27603" count="3"/>
	</mission>
	<mission id="88" clientId="228" type="SIEGE" level="1" classes="ALL">
		<reward item="27593" count="50"/>
		<reward item="27603" count="15"/>
	</mission>
	<mission id="89" clientId="229" type="CHAOS" level="1" classes="ALL">
		<reward item="27593" count="2"/>
		<reward item="27603" count="1"/>
	</mission>
	<mission id="90" clientId="230" type="DAILYDUNGEONS" level="1" classes="ALL">
		<reward item="27593" count="1"/>
		<reward item="27603" count="1"/>
	</mission>
	<mission id="91" clientId="231" type="FISH" level="1" classes="ALL">
		<reward item="27593" count="1"/>
		<reward item="27603" count="1"/>
	</mission>
</list>