<?xml version="1.0" encoding="UTF-8"?>
<list xmlns:xsi="http://www.w3.org/2001/XMLSchema-instance" xsi:noNamespaceSchemaLocation="xsd/ItemAuctions.xsd">
	<!-- Documentation: -->
	<!-- <instance id="NPC ID of the auctioneer" day_of_week="1 - Monday, 7 - Sunday" hour_of_day="0-23" minute_of_hour="0-59"> -->
	<!-- <item auctionItemId="1" itemId="9901" itemCount="1" auctionInitBid="100000000" auctionLenght="300 (in minutes)"> -->
	<!-- <extra enchant_level="15" augmentation_id="you can take it from item_attributes table" augmentation_skill_id="3241" augmentation_skill_lvl="10" /> -->
	<!-- </item> -->
	<!-- </instance> -->
	<!-- instead of day_of_week you can use interval between auction in days -->
	<!-- <instance id="NPC ID of the auctioneer" interval="1" hour_of_day="0-23" minute_of_hour="0-59"> -->
	<!-- <item auctionItemId="1" itemId="10485" itemCount="1" auctionInitBid="100000000" auctionLenght="300" /> -->
	<!-- </instance> -->
	<instance id="32320" day_of_week="5" hour_of_day="17">
		<!-- Legendary Accessories -->
		<!-- Baium Ring -->
		<item auctionItemId="1" itemId="6658" itemCount="1" auctionInitBid="100000000" auctionLenght="300" />
		<!-- Earth Wyrm Heart Ring -->
		<item auctionItemId="2" itemId="17623" itemCount="1" auctionInitBid="100000000" auctionLenght="300" />
		<!-- Queen Ant's Ring -->
		<item auctionItemId="3" itemId="6660" itemCount="1" auctionInitBid="100000000" auctionLenght="300" />
		<!-- Tauti's Ring -->
		<item auctionItemId="4" itemId="35570" itemCount="1" auctionInitBid="100000000" auctionLenght="300" />
		<!-- Ring of Core -->
		<item auctionItemId="5" itemId="6662" itemCount="1" auctionInitBid="100000000" auctionLenght="300" />
		<!-- Valakas' Necklace -->
		<item auctionItemId="6" itemId="6657" itemCount="1" auctionInitBid="100000000" auctionLenght="300" />
		<!-- Freya's Necklace -->
		<item auctionItemId="7" itemId="16025" itemCount="1" auctionInitBid="100000000" auctionLenght="300" />
		<!-- Antharas' Earring -->
		<item auctionItemId="8" itemId="6656" itemCount="1" auctionInitBid="100000000" auctionLenght="300" />
		<!-- Zaken's Earring -->
		<item auctionItemId="9" itemId="6659" itemCount="1" auctionInitBid="100000000" auctionLenght="300" />
		<!-- Orfen's Earring -->
		<item auctionItemId="10" itemId="6661" itemCount="1" auctionInitBid="100000000" auctionLenght="300" />
		<!-- Improved legendary Accessories -->
		<!-- Blessed Antharas' Earring -->
		<item auctionItemId="11" itemId="19463" itemCount="1" auctionInitBid="100000000" auctionLenght="300" />
		<!-- Blessed Valakas' Necklace -->
		<item auctionItemId="12" itemId="19464" itemCount="1" auctionInitBid="100000000" auctionLenght="300" />
		<!-- Blessed Freya's Necklace -->
		<item auctionItemId="13" itemId="16026" itemCount="1" auctionInitBid="100000000" auctionLenght="300" />
		<!-- Baium's Soul Ring -->
		<item auctionItemId="14" itemId="37521" itemCount="1" auctionInitBid="100000000" auctionLenght="300" />
		<!-- Queen Ant's Soul Ring -->
		<item auctionItemId="15" itemId="36254" itemCount="1" auctionInitBid="100000000" auctionLenght="300" />
		<!-- Lilith's Soul Necklace -->
		<item auctionItemId="16" itemId="36257" itemCount="1" auctionInitBid="100000000" auctionLenght="300" />
		<!-- Frintezza's Soul Necklace -->
		<item auctionItemId="17" itemId="37522" itemCount="1" auctionInitBid="100000000" auctionLenght="300" />
		<!-- Orfen's Soul Earring -->
		<item auctionItemId="18" itemId="36255" itemCount="1" auctionInitBid="100000000" auctionLenght="300" />
		<!-- Items for improvement legendary accessories -->
		<!-- Bottle of Antharas' Soul -->
		<item auctionItemId="19" itemId="19465" itemCount="1" auctionInitBid="100000000" auctionLenght="300" />
		<!-- Bottle of Baium's Soul -->
		<item auctionItemId="20" itemId="37520" itemCount="1" auctionInitBid="100000000" auctionLenght="300" />
		<!-- Bottle of Valakas' Soul -->
		<item auctionItemId="21" itemId="19466" itemCount="1" auctionInitBid="100000000" auctionLenght="300" />
		<!-- Bottle of Queen Ant's Soul -->
		<item auctionItemId="22" itemId="36252" itemCount="1" auctionInitBid="100000000" auctionLenght="300" />
		<!-- Bottle of Orfen's Soul -->
		<item auctionItemId="23" itemId="36253" itemCount="1" auctionInitBid="100000000" auctionLenght="300" />
		<!-- Bottle of Freya's Soul -->
		<item auctionItemId="24" itemId="16027" itemCount="1" auctionInitBid="100000000" auctionLenght="300" />
		<!-- Bottle of Frintezza's Soul -->
		<item auctionItemId="25" itemId="37519" itemCount="1" auctionInitBid="100000000" auctionLenght="300" />
		<!-- Shadow Weapons -->
		<!-- Shadow Thrower -->
		<item auctionItemId="26" itemId="46332" itemCount="1" auctionInitBid="100000000" auctionLenght="300" />
		<!-- Shadow Stormer -->
		<item auctionItemId="27" itemId="46331" itemCount="1" auctionInitBid="100000000" auctionLenght="300" />
		<!-- Shadow Retributer -->
		<item auctionItemId="28" itemId="46335" itemCount="1" auctionInitBid="100000000" auctionLenght="300" />
		<!-- Shadow Fighter -->
		<item auctionItemId="29" itemId="46330" itemCount="1" auctionInitBid="100000000" auctionLenght="300" />
		<!-- Shadow Shaper -->
		<item auctionItemId="30" itemId="46327" itemCount="1" auctionInitBid="100000000" auctionLenght="300" />
		<!-- Shadow Dualsword -->
		<item auctionItemId="31" itemId="46336" itemCount="1" auctionInitBid="100000000" auctionLenght="300" />
		<!-- Shadow Buster -->
		<item auctionItemId="32" itemId="46334" itemCount="1" auctionInitBid="100000000" auctionLenght="300" />
		<!-- Shadow Cutter -->
		<item auctionItemId="33" itemId="46328" itemCount="1" auctionInitBid="100000000" auctionLenght="300" />
		<!-- Shadow Shooter -->
		<item auctionItemId="34" itemId="46333" itemCount="1" auctionInitBid="100000000" auctionLenght="300" />
		<!-- Shadow Slasher -->
		<item auctionItemId="35" itemId="46329" itemCount="1" auctionInitBid="100000000" auctionLenght="300" />
		<!-- Kelbim Weapons -->
		<!-- Kelbim Crossbow -->
		<item auctionItemId="36" itemId="46063" itemCount="1" auctionInitBid="100000000" auctionLenght="300" />
		<!-- Kelbim Dagger -->
		<item auctionItemId="37" itemId="46060" itemCount="1" auctionInitBid="100000000" auctionLenght="300" />
		<!-- Kelbim Bow -->
		<item auctionItemId="38" itemId="46062" itemCount="1" auctionInitBid="100000000" auctionLenght="300" />
		<!-- Kelbim Dual Dagger -->
		<item auctionItemId="39" itemId="46061" itemCount="1" auctionInitBid="100000000" auctionLenght="300" />
		<!-- Talismans -->
		<!-- Venir's Talisman lvl 16 -->
		<item auctionItemId="40" itemId="39649" itemCount="1" auctionInitBid="100000000" auctionLenght="300" />
		<!-- Talisman - Insanity -->
		<item auctionItemId="41" itemId="39572" itemCount="1" auctionInitBid="100000000" auctionLenght="300" />
		<!-- Talisman - Seven Signs -->
		<item auctionItemId="42" itemId="37717" itemCount="1" auctionInitBid="100000000" auctionLenght="300" />
		<!-- Scrolls -->
		<!-- Destruction Scroll: Enchant Armor R-grade -->
		<item auctionItemId="43" itemId="33479" itemCount="1" auctionInitBid="100000000" auctionLenght="300" />
		<!-- Destruction Scroll: Enchant Weapon R-grade -->
		<item auctionItemId="44" itemId="33478" itemCount="1" auctionInitBid="100000000" auctionLenght="300" />
		<!-- Other -->
		<!-- Chest Bloody Helios +7 -->
		<item auctionItemId="45" itemId="27538" itemCount="1" auctionInitBid="100000000" auctionLenght="300" />
		<!-- Chest Two Precious Stones -->
		<item auctionItemId="46" itemId="27539" itemCount="1" auctionInitBid="100000000" auctionLenght="300" />
		<!-- Chest t-shirts Shining Einhasad -->
		<item auctionItemId="47" itemId="27535" itemCount="1" auctionInitBid="100000000" auctionLenght="300" />
		<!-- Chest t-shirts Reflections Attacks -->
		<item auctionItemId="48" itemId="27536" itemCount="1" auctionInitBid="100000000" auctionLenght="300" />
		<!-- Chest t-shirts Magic Reflections -->
		<item auctionItemId="49" itemId="27537" itemCount="1" auctionInitBid="100000000" auctionLenght="300" />
	</instance>
	<instance id="32321" day_of_week="1" hour_of_day="17">
		<!-- Legendary Accessories -->
		<!-- Baium Ring -->
		<item auctionItemId="1" itemId="6658" itemCount="1" auctionInitBid="100000000" auctionLenght="300" />
		<!-- Earth Wyrm Heart Ring -->
		<item auctionItemId="2" itemId="17623" itemCount="1" auctionInitBid="100000000" auctionLenght="300" />
		<!-- Queen Ant's Ring -->
		<item auctionItemId="3" itemId="6660" itemCount="1" auctionInitBid="100000000" auctionLenght="300" />
		<!-- Tauti's Ring -->
		<item auctionItemId="4" itemId="35570" itemCount="1" auctionInitBid="100000000" auctionLenght="300" />
		<!-- Ring of Core -->
		<item auctionItemId="5" itemId="6662" itemCount="1" auctionInitBid="100000000" auctionLenght="300" />
		<!-- Valakas' Necklace -->
		<item auctionItemId="6" itemId="6657" itemCount="1" auctionInitBid="100000000" auctionLenght="300" />
		<!-- Freya's Necklace -->
		<item auctionItemId="7" itemId="16025" itemCount="1" auctionInitBid="100000000" auctionLenght="300" />
		<!-- Antharas' Earring -->
		<item auctionItemId="8" itemId="6656" itemCount="1" auctionInitBid="100000000" auctionLenght="300" />
		<!-- Zaken's Earring -->
		<item auctionItemId="9" itemId="6659" itemCount="1" auctionInitBid="100000000" auctionLenght="300" />
		<!-- Orfen's Earring -->
		<item auctionItemId="10" itemId="6661" itemCount="1" auctionInitBid="100000000" auctionLenght="300" />
		<!-- Improved legendary Accessories -->
		<!-- Blessed Antharas' Earring -->
		<item auctionItemId="11" itemId="19463" itemCount="1" auctionInitBid="100000000" auctionLenght="300" />
		<!-- Blessed Valakas' Necklace -->
		<item auctionItemId="12" itemId="19464" itemCount="1" auctionInitBid="100000000" auctionLenght="300" />
		<!-- Blessed Freya's Necklace -->
		<item auctionItemId="13" itemId="16026" itemCount="1" auctionInitBid="100000000" auctionLenght="300" />
		<!-- Baium's Soul Ring -->
		<item auctionItemId="14" itemId="37521" itemCount="1" auctionInitBid="100000000" auctionLenght="300" />
		<!-- Queen Ant's Soul Ring -->
		<item auctionItemId="15" itemId="36254" itemCount="1" auctionInitBid="100000000" auctionLenght="300" />
		<!-- Lilith's Soul Necklace -->
		<item auctionItemId="16" itemId="36257" itemCount="1" auctionInitBid="100000000" auctionLenght="300" />
		<!-- Frintezza's Soul Necklace -->
		<item auctionItemId="17" itemId="37522" itemCount="1" auctionInitBid="100000000" auctionLenght="300" />
		<!-- Orfen's Soul Earring -->
		<item auctionItemId="18" itemId="36255" itemCount="1" auctionInitBid="100000000" auctionLenght="300" />
		<!-- Items for improvement legendary accessories -->
		<!-- Bottle of Antharas' Soul -->
		<item auctionItemId="19" itemId="19465" itemCount="1" auctionInitBid="100000000" auctionLenght="300" />
		<!-- Bottle of Baium's Soul -->
		<item auctionItemId="20" itemId="37520" itemCount="1" auctionInitBid="100000000" auctionLenght="300" />
		<!-- Bottle of Valakas' Soul -->
		<item auctionItemId="21" itemId="19466" itemCount="1" auctionInitBid="100000000" auctionLenght="300" />
		<!-- Bottle of Queen Ant's Soul -->
		<item auctionItemId="22" itemId="36252" itemCount="1" auctionInitBid="100000000" auctionLenght="300" />
		<!-- Bottle of Orfen's Soul -->
		<item auctionItemId="23" itemId="36253" itemCount="1" auctionInitBid="100000000" auctionLenght="300" />
		<!-- Bottle of Freya's Soul -->
		<item auctionItemId="24" itemId="16027" itemCount="1" auctionInitBid="100000000" auctionLenght="300" />
		<!-- Bottle of Frintezza's Soul -->
		<item auctionItemId="25" itemId="37519" itemCount="1" auctionInitBid="100000000" auctionLenght="300" />
		<!-- Shadow Weapons -->
		<!-- Shadow Thrower -->
		<item auctionItemId="26" itemId="46332" itemCount="1" auctionInitBid="100000000" auctionLenght="300" />
		<!-- Shadow Stormer -->
		<item auctionItemId="27" itemId="46331" itemCount="1" auctionInitBid="100000000" auctionLenght="300" />
		<!-- Shadow Retributer -->
		<item auctionItemId="28" itemId="46335" itemCount="1" auctionInitBid="100000000" auctionLenght="300" />
		<!-- Shadow Fighter -->
		<item auctionItemId="29" itemId="46330" itemCount="1" auctionInitBid="100000000" auctionLenght="300" />
		<!-- Shadow Shaper -->
		<item auctionItemId="30" itemId="46327" itemCount="1" auctionInitBid="100000000" auctionLenght="300" />
		<!-- Shadow Dualsword -->
		<item auctionItemId="31" itemId="46336" itemCount="1" auctionInitBid="100000000" auctionLenght="300" />
		<!-- Shadow Buster -->
		<item auctionItemId="32" itemId="46334" itemCount="1" auctionInitBid="100000000" auctionLenght="300" />
		<!-- Shadow Cutter -->
		<item auctionItemId="33" itemId="46328" itemCount="1" auctionInitBid="100000000" auctionLenght="300" />
		<!-- Shadow Shooter -->
		<item auctionItemId="34" itemId="46333" itemCount="1" auctionInitBid="100000000" auctionLenght="300" />
		<!-- Shadow Slasher -->
		<item auctionItemId="35" itemId="46329" itemCount="1" auctionInitBid="100000000" auctionLenght="300" />
		<!-- Kelbim Weapons -->
		<!-- Kelbim Crossbow -->
		<item auctionItemId="36" itemId="46063" itemCount="1" auctionInitBid="100000000" auctionLenght="300" />
		<!-- Kelbim Dagger -->
		<item auctionItemId="37" itemId="46060" itemCount="1" auctionInitBid="100000000" auctionLenght="300" />
		<!-- Kelbim Bow -->
		<item auctionItemId="38" itemId="46062" itemCount="1" auctionInitBid="100000000" auctionLenght="300" />
		<!-- Kelbim Dual Dagger -->
		<item auctionItemId="39" itemId="46061" itemCount="1" auctionInitBid="100000000" auctionLenght="300" />
		<!-- Talismans -->
		<!-- Venir's Talisman lvl 16 -->
		<item auctionItemId="40" itemId="39649" itemCount="1" auctionInitBid="100000000" auctionLenght="300" />
		<!-- Talisman - Insanity -->
		<item auctionItemId="41" itemId="39572" itemCount="1" auctionInitBid="100000000" auctionLenght="300" />
		<!-- Talisman - Seven Signs -->
		<item auctionItemId="42" itemId="37717" itemCount="1" auctionInitBid="100000000" auctionLenght="300" />
		<!-- Scrolls -->
		<!-- Destruction Scroll: Enchant Armor R-grade -->
		<item auctionItemId="43" itemId="33479" itemCount="1" auctionInitBid="100000000" auctionLenght="300" />
		<!-- Destruction Scroll: Enchant Weapon R-grade -->
		<item auctionItemId="44" itemId="33478" itemCount="1" auctionInitBid="100000000" auctionLenght="300" />
		<!-- Other -->
		<!-- Chest Bloody Helios +7 -->
		<item auctionItemId="45" itemId="27538" itemCount="1" auctionInitBid="100000000" auctionLenght="300" />
		<!-- Chest Two Precious Stones -->
		<item auctionItemId="46" itemId="27539" itemCount="1" auctionInitBid="100000000" auctionLenght="300" />
		<!-- Chest t-shirts Shining Einhasad -->
		<item auctionItemId="47" itemId="27535" itemCount="1" auctionInitBid="100000000" auctionLenght="300" />
		<!-- Chest t-shirts Reflections Attacks -->
		<item auctionItemId="48" itemId="27536" itemCount="1" auctionInitBid="100000000" auctionLenght="300" />
		<!-- Chest t-shirts Magic Reflections -->
		<item auctionItemId="49" itemId="27537" itemCount="1" auctionInitBid="100000000" auctionLenght="300" />
	</instance>
	<instance id="32322" day_of_week="3" hour_of_day="17">
		<!-- Legendary Accessories -->
		<!-- Baium Ring -->
		<item auctionItemId="1" itemId="6658" itemCount="1" auctionInitBid="100000000" auctionLenght="300" />
		<!-- Earth Wyrm Heart Ring -->
		<item auctionItemId="2" itemId="17623" itemCount="1" auctionInitBid="100000000" auctionLenght="300" />
		<!-- Queen Ant's Ring -->
		<item auctionItemId="3" itemId="6660" itemCount="1" auctionInitBid="100000000" auctionLenght="300" />
		<!-- Tauti's Ring -->
		<item auctionItemId="4" itemId="35570" itemCount="1" auctionInitBid="100000000" auctionLenght="300" />
		<!-- Ring of Core -->
		<item auctionItemId="5" itemId="6662" itemCount="1" auctionInitBid="100000000" auctionLenght="300" />
		<!-- Valakas' Necklace -->
		<item auctionItemId="6" itemId="6657" itemCount="1" auctionInitBid="100000000" auctionLenght="300" />
		<!-- Freya's Necklace -->
		<item auctionItemId="7" itemId="16025" itemCount="1" auctionInitBid="100000000" auctionLenght="300" />
		<!-- Antharas' Earring -->
		<item auctionItemId="8" itemId="6656" itemCount="1" auctionInitBid="100000000" auctionLenght="300" />
		<!-- Zaken's Earring -->
		<item auctionItemId="9" itemId="6659" itemCount="1" auctionInitBid="100000000" auctionLenght="300" />
		<!-- Orfen's Earring -->
		<item auctionItemId="10" itemId="6661" itemCount="1" auctionInitBid="100000000" auctionLenght="300" />
		<!-- Improved legendary Accessories -->
		<!-- Blessed Antharas' Earring -->
		<item auctionItemId="11" itemId="19463" itemCount="1" auctionInitBid="100000000" auctionLenght="300" />
		<!-- Blessed Valakas' Necklace -->
		<item auctionItemId="12" itemId="19464" itemCount="1" auctionInitBid="100000000" auctionLenght="300" />
		<!-- Blessed Freya's Necklace -->
		<item auctionItemId="13" itemId="16026" itemCount="1" auctionInitBid="100000000" auctionLenght="300" />
		<!-- Baium's Soul Ring -->
		<item auctionItemId="14" itemId="37521" itemCount="1" auctionInitBid="100000000" auctionLenght="300" />
		<!-- Queen Ant's Soul Ring -->
		<item auctionItemId="15" itemId="36254" itemCount="1" auctionInitBid="100000000" auctionLenght="300" />
		<!-- Lilith's Soul Necklace -->
		<item auctionItemId="16" itemId="36257" itemCount="1" auctionInitBid="100000000" auctionLenght="300" />
		<!-- Frintezza's Soul Necklace -->
		<item auctionItemId="17" itemId="37522" itemCount="1" auctionInitBid="100000000" auctionLenght="300" />
		<!-- Orfen's Soul Earring -->
		<item auctionItemId="18" itemId="36255" itemCount="1" auctionInitBid="100000000" auctionLenght="300" />
		<!-- Items for improvement legendary accessories -->
		<!-- Bottle of Antharas' Soul -->
		<item auctionItemId="19" itemId="19465" itemCount="1" auctionInitBid="100000000" auctionLenght="300" />
		<!-- Bottle of Baium's Soul -->
		<item auctionItemId="20" itemId="37520" itemCount="1" auctionInitBid="100000000" auctionLenght="300" />
		<!-- Bottle of Valakas' Soul -->
		<item auctionItemId="21" itemId="19466" itemCount="1" auctionInitBid="100000000" auctionLenght="300" />
		<!-- Bottle of Queen Ant's Soul -->
		<item auctionItemId="22" itemId="36252" itemCount="1" auctionInitBid="100000000" auctionLenght="300" />
		<!-- Bottle of Orfen's Soul -->
		<item auctionItemId="23" itemId="36253" itemCount="1" auctionInitBid="100000000" auctionLenght="300" />
		<!-- Bottle of Freya's Soul -->
		<item auctionItemId="24" itemId="16027" itemCount="1" auctionInitBid="100000000" auctionLenght="300" />
		<!-- Bottle of Frintezza's Soul -->
		<item auctionItemId="25" itemId="37519" itemCount="1" auctionInitBid="100000000" auctionLenght="300" />
		<!-- Shadow Weapons -->
		<!-- Shadow Thrower -->
		<item auctionItemId="26" itemId="46332" itemCount="1" auctionInitBid="100000000" auctionLenght="300" />
		<!-- Shadow Stormer -->
		<item auctionItemId="27" itemId="46331" itemCount="1" auctionInitBid="100000000" auctionLenght="300" />
		<!-- Shadow Retributer -->
		<item auctionItemId="28" itemId="46335" itemCount="1" auctionInitBid="100000000" auctionLenght="300" />
		<!-- Shadow Fighter -->
		<item auctionItemId="29" itemId="46330" itemCount="1" auctionInitBid="100000000" auctionLenght="300" />
		<!-- Shadow Shaper -->
		<item auctionItemId="30" itemId="46327" itemCount="1" auctionInitBid="100000000" auctionLenght="300" />
		<!-- Shadow Dualsword -->
		<item auctionItemId="31" itemId="46336" itemCount="1" auctionInitBid="100000000" auctionLenght="300" />
		<!-- Shadow Buster -->
		<item auctionItemId="32" itemId="46334" itemCount="1" auctionInitBid="100000000" auctionLenght="300" />
		<!-- Shadow Cutter -->
		<item auctionItemId="33" itemId="46328" itemCount="1" auctionInitBid="100000000" auctionLenght="300" />
		<!-- Shadow Shooter -->
		<item auctionItemId="34" itemId="46333" itemCount="1" auctionInitBid="100000000" auctionLenght="300" />
		<!-- Shadow Slasher -->
		<item auctionItemId="35" itemId="46329" itemCount="1" auctionInitBid="100000000" auctionLenght="300" />
		<!-- Kelbim Weapons -->
		<!-- Kelbim Crossbow -->
		<item auctionItemId="36" itemId="46063" itemCount="1" auctionInitBid="100000000" auctionLenght="300" />
		<!-- Kelbim Dagger -->
		<item auctionItemId="37" itemId="46060" itemCount="1" auctionInitBid="100000000" auctionLenght="300" />
		<!-- Kelbim Bow -->
		<item auctionItemId="38" itemId="46062" itemCount="1" auctionInitBid="100000000" auctionLenght="300" />
		<!-- Kelbim Dual Dagger -->
		<item auctionItemId="39" itemId="46061" itemCount="1" auctionInitBid="100000000" auctionLenght="300" />
		<!-- Talismans -->
		<!-- Venir's Talisman lvl 16 -->
		<item auctionItemId="40" itemId="39649" itemCount="1" auctionInitBid="100000000" auctionLenght="300" />
		<!-- Talisman - Insanity -->
		<item auctionItemId="41" itemId="39572" itemCount="1" auctionInitBid="100000000" auctionLenght="300" />
		<!-- Talisman - Seven Signs -->
		<item auctionItemId="42" itemId="37717" itemCount="1" auctionInitBid="100000000" auctionLenght="300" />
		<!-- Scrolls -->
		<!-- Destruction Scroll: Enchant Armor R-grade -->
		<item auctionItemId="43" itemId="33479" itemCount="1" auctionInitBid="100000000" auctionLenght="300" />
		<!-- Destruction Scroll: Enchant Weapon R-grade -->
		<item auctionItemId="44" itemId="33478" itemCount="1" auctionInitBid="100000000" auctionLenght="300" />
		<!-- Other -->
		<!-- Chest Bloody Helios +7 -->
		<item auctionItemId="45" itemId="27538" itemCount="1" auctionInitBid="100000000" auctionLenght="300" />
		<!-- Chest Two Precious Stones -->
		<item auctionItemId="46" itemId="27539" itemCount="1" auctionInitBid="100000000" auctionLenght="300" />
		<!-- Chest t-shirts Shining Einhasad -->
		<item auctionItemId="47" itemId="27535" itemCount="1" auctionInitBid="100000000" auctionLenght="300" />
		<!-- Chest t-shirts Reflections Attacks -->
		<item auctionItemId="48" itemId="27536" itemCount="1" auctionInitBid="100000000" auctionLenght="300" />
		<!-- Chest t-shirts Magic Reflections -->
		<item auctionItemId="49" itemId="27537" itemCount="1" auctionInitBid="100000000" auctionLenght="300" />
	</instance>
</list>