<?xml version="1.0" encoding="UTF-8"?>
<list enabled="true" xmlns:xsi="http://www.w3.org/2001/XMLSchema-instance" xsi:noNamespaceSchemaLocation="xsd/LuckyGameData.xsd">
	<fortuneReadingTicketRewards>
		<item id="6656" count="1" /> <!-- Antharas' Earring -->
		<item id="21712" count="1" /> <!-- Blessed Zaken's Earring -->
		<item id="37511" count="1" /> <!-- Enhanced Istina's Earring - Warrior -->
		<item id="37517" count="1" /> <!-- Enhanced Istina's Earring - Wizard -->
		<item id="37512" count="1" /> <!-- Enhanced Istina's Necklace - Warrior -->
		<item id="37518" count="1" /> <!-- Enhanced Istina's Necklace - Wizard -->
		<item id="37510" count="1" /> <!-- Enhanced Istina's Ring - Warrior -->
		<item id="37516" count="1" /> <!-- Enhanced Istina's Ring - Wizard -->
		<item id="37508" count="1" /> <!-- Enhanced Octavis' Earring - Warrior -->
		<item id="37514" count="1" /> <!-- Enhanced Octavis' Earring - Wizard -->
		<item id="37509" count="1" /> <!-- Enhanced Octavis' Necklace - Warrior -->
		<item id="37515" count="1" /> <!-- Enhanced Octavis' Necklace - Wizard -->
		<item id="37507" count="1" /> <!-- Enhanced Octavis' Ring - Warrior -->
		<item id="37513" count="1" /> <!-- Enhanced Octavis' Ring - Wizard -->
		<item id="6661" count="1" /> <!-- Orfen's Earring -->
		<item id="6660" count="1" /> <!-- Queen Ant's Ring -->
		<item id="6657" count="1" /> <!-- Valakas' Necklace -->
		<item id="17527" count="1" /> <!-- Scroll: Enchant Armor: (R-grade) -->
		<item id="17526" count="1" /> <!-- Scroll: Enchant Weapon: (R-grade) -->
		<item id="19448" count="1" /> <!-- Blessed Scroll: Enchant Armor (R-grade) -->
		<item id="19447" count="1" /> <!-- Blessed Scroll: Enchant Weapon (R-grade) -->
		<item id="33817" count="1" /> <!-- Giant's Scroll: Enchant Armor (R-grade) -->
		<item id="33811" count="1" /> <!-- Giant's Scroll: Enchant Weapon (R-grade) -->
		<item id="36160" count="1" /> <!-- Scroll of Blessing: (R2-grade) -->
		<item id="36161" count="1" /> <!-- Scroll of Blessing: (R95-grade) -->
		<item id="36162" count="1" /> <!-- Scroll of Blessing: (R99-grade) -->
		<item id="27600" count="1" /> <!-- Scroll of Blessing: Armor (R95-grade) -->
		<item id="27601" count="1" /> <!-- Scroll of Blessing: Armor (R99-grade) -->
		<item id="27597" count="1" /> <!-- Scroll of Blessing: Weapon (R95-grade) -->
		<item id="27598" count="1" /> <!-- Scroll of Blessing: Weapon (R99-grade) -->
		<item id="36513" count="5" /> <!-- Elcyum Powder -->
		<item id="39631" count="1" /> <!-- Fortune Pocket - Stage 3 -->
		<item id="39633" count="1" /> <!-- Fortune Pocket - Stage 5 -->
		<item id="19440" count="5" /> <!-- Gemstone (R-grade) -->
		<item id="35563" count="2" /> <!-- Giant's Energy -->
		<item id="46395" count="1" /> <!-- Shadow Ingot -->
		<item id="39592" count="1" /> <!-- Tempest Stone -->
		<item id="46151" count="1" /> <!-- Superior Giant's Codex - Mastery Chapter 1 -->
		<item id="46150" count="1" /> <!-- Superior Giant's Codex Chapter 1 -->
		<item id="46478" count="1" /> <!-- Leona's Soul Crystal - Stage 5 -->
		<item id="46508" count="1" /> <!-- Lionel's Soul Crystal - Stage 5 -->
		<item id="46493" count="1" /> <!-- Pantheon's Soul Crystal - Stage 5 -->
		<item id="46449" count="1" /> <!-- Kain's Soul Crystal - Stage 6 -->
		<item id="46509" count="1" /> <!-- Lionel's Soul Crystal - Stage 6 -->
		<item id="46464" count="1" /> <!-- Mermoden's Soul Crystal - Stage 6 -->
		<item id="46494" count="1" /> <!-- Pantheon's Soul Crystal - Stage 6 -->
		<item id="39637" count="1" /> <!-- Venir's Talisman - Stage 4 -->
		<item id="39639" count="1" /> <!-- Venir's Talisman - Stage 6 -->
		<item id="39641" count="1" /> <!-- Venir's Talisman - Stage 8 -->
		<item id="35649" count="1" /> <!-- Sealed Talisman - Longing -->
		<item id="37715" count="1" /> <!-- Talisman - Anakim -->
		<item id="37714" count="1" /> <!-- Talisman - Lilith -->
	</fortuneReadingTicketRewards>
	<luxuryFortuneReadingTicketRewards>
		<item id="22426" count="1" /> <!-- Ancient Scroll: Enchant Weapon: (R-grade) -->
		<item id="19448" count="1" /> <!-- Blessed Scroll: Enchant Armor: (R-grade) -->
		<item id="19447" count="1" /> <!-- Blessed Scroll: Enchant Weapon: (R-grade) -->
		<item id="36164" count="2" /> <!-- Giant's Scroll: Enchant Armor: (R-grade) -->
		<item id="33811" count="1" /> <!-- Giant's Scroll: Enchant Weapon (R-grade) -->
		<item id="27600" count="2" /> <!-- Scroll of Blessing: Armor: (R95 grade) -->
		<item id="27601" count="2" /> <!-- Scroll of Blessing: Armor: (R99 grade) -->
		<item id="36160" count="1" /> <!-- Scroll of Blessing: (R2-grade) -->
		<item id="36161" count="1" /> <!-- Scroll of Blessing: (R95-grade) -->
		<item id="36162" count="1" /> <!-- Scroll of Blessing: (R99-grade) -->
		<item id="27597" count="1" /> <!-- Scroll of Blessing: Weapon: (R95-grade) -->
		<item id="27598" count="1" /> <!-- Scroll of Blessing: Weapon: (R99-grade) -->
		<item id="17527" count="2" /> <!-- Scroll: Enchant Armor: (R-grade) -->
		<item id="17526" count="1" /> <!-- Scroll: Enchant Weapon: (R-grade) -->
		<item id="35566" count="1" /> <!-- Dark Amaranthine Enhancement Stone -->
		<item id="35567" count="1" /> <!-- Dark Eternal Enhancement Stone -->
		<item id="6656" count="1" /> <!-- Antharas' Earring -->
		<item id="21712" count="1" /> <!-- Blessed Zaken's Earring -->
		<item id="37511" count="1" /> <!-- Enhanced Istina's Earring - Warrior -->
		<item id="37517" count="1" /> <!-- Enhanced Istina's Earring - Wizard -->
		<item id="37512" count="1" /> <!-- Enhanced Istina's Necklace - Warrior -->
		<item id="37518" count="1" /> <!-- Enhanced Istina's Necklace - Wizard -->
		<item id="37510" count="1" /> <!-- Enhanced Istina's Ring - Warrior -->
		<item id="37516" count="1" /> <!-- Enhanced Istina's Ring - Wizard -->
		<item id="37508" count="1" /> <!-- Enhanced Octavis' Earring - Warrior -->
		<item id="37514" count="1" /> <!-- Enhanced Octavis' Earring - Wizard -->
		<item id="37509" count="1" /> <!-- Enhanced Octavis' Necklace - Warrior -->
		<item id="37515" count="1" /> <!-- Enhanced Octavis' Necklace - Wizard -->
		<item id="37507" count="1" /> <!-- Enhanced Octavis' Ring - Warrior -->
		<item id="37513" count="1" /> <!-- Enhanced Octavis' Ring - Wizard -->
		<item id="6661" count="1" /> <!-- Orfen's Earring -->
		<item id="6660" count="1" /> <!-- Queen Ant's Ring -->
		<item id="6657" count="1" /> <!-- Valakas' Necklace -->
		<item id="27462" count="1" /> <!-- Angel Circlet Box -->
		<item id="27460" count="1" /> <!-- Cat Ears Box -->
		<item id="27463" count="1" /> <!-- Demon Circlet Box -->
		<item id="27466" count="1" /> <!-- Eyepatch Box -->
		<item id="27467" count="1" /> <!-- Party Hat Box -->
		<item id="27464" count="1" /> <!-- Pirate's Eyepatch Box -->
		<item id="27458" count="1" /> <!-- Rabbit Ears Box -->
		<item id="27459" count="1" /> <!-- Raccoon Ears Box -->
		<item id="27468" count="1" /> <!-- Refined Angel Ring Box -->
		<item id="27469" count="1" /> <!-- Refined Devil Horn Box -->
		<item id="27461" count="1" /> <!-- Romantic Chapeau Box -->
		<item id="27465" count="1" /> <!-- Outlaw's Eyepatch Box -->
		<item id="36515" count="1" /> <!-- Elcyum -->
		<item id="39631" count="3" /> <!-- Fortune Pocket - Stage 3 -->
		<item id="39633" count="1" /> <!-- Fortune Pocket - Stage 5 -->
		<item id="19440" count="15" /> <!-- Gem Stone - R grade -->
		<item id="35563" count="10" /> <!-- Giant's Energy -->
		<item id="39738" count="1" /> <!-- Rune Stone -->
		<item id="39592" count="1" /> <!-- Tempest Stone -->
		<item id="46150" count="1" /> <!-- Superior Giant's Codex - Chapter 1 -->
		<item id="46151" count="1" /> <!-- Superior Giant's Codex - Mastery Chapter 1 -->
		<item id="46478" count="1" /> <!-- Leona's Soul Crystal - Stage 5 -->
		<item id="46508" count="1" /> <!-- Lionel's Soul Crystal - Stage 5 -->
		<item id="46493" count="1" /> <!-- Pantheon's Soul Crystal - Stage 5 -->
		<item id="46449" count="1" /> <!-- Kain's Soul Crystal - Stage 6 -->
		<item id="46479" count="1" /> <!-- Leona's Soul Crystal - Stage 6 -->
		<item id="46509" count="1" /> <!-- Lionel's Soul Crystal - Stage 6 -->
		<item id="46464" count="1" /> <!-- Mermoden's Soul Crystal - Stage 6 -->
		<item id="46494" count="1" /> <!-- Pantheon's Soul Crystal - Stage 6 -->
		<item id="46553" count="1" /> <!-- Mystic Soul Crystal -->
		<item id="37722" count="1" /> <!-- Eva's Special Pack -->
		<item id="37720" count="1" /> <!-- Maphr's Special Pack -->
		<item id="37719" count="1" /> <!-- Pa'agrio's Special Pack -->
		<item id="37721" count="1" /> <!-- Sayha's Special Pack -->
		<item id="26444" count="1" /> <!-- Shadow Buster Pack -->
		<item id="26438" count="1" /> <!-- Shadow Cutter Pack -->
		<item id="26446" count="1" /> <!-- Shadow Dualsword Pack -->
		<item id="26440" count="1" /> <!-- Shadow Fighter Pack -->
		<item id="46395" count="10" /> <!-- Shadow Ingot -->
		<item id="26445" count="1" /> <!-- Shadow Retributer Pack -->
		<item id="26437" count="1" /> <!-- Shadow Shaper Pack -->
		<item id="26443" count="1" /> <!-- Shadow Shooter Pack -->
		<item id="26439" count="1" /> <!-- Shadow Slasher Pack -->
		<item id="26441" count="1" /> <!-- Shadow Stormer Pack -->
		<item id="26442" count="1" /> <!-- Shadow Thrower Pack -->
		<item id="37715" count="1" /> <!-- Talisman - Anakim -->
		<item id="37714" count="1" /> <!-- Talisman - Lilith -->
		<item id="37717" count="1" /> <!-- Talisman - Seven Signs -->
		<item id="39637" count="1" /> <!-- Venir's Talisman - Stage 4 -->
		<item id="39639" count="1" /> <!-- Venir's Talisman - Stage 6 -->
		<item id="39641" count="1" /> <!-- Venir's Talisman - Stage 8 -->
		<item id="39643" count="1" /> <!-- Venir's Talisman - Stage 10 -->
		<item id="39647" count="1" /> <!-- Venir's Talisman - Stage 14 -->
		<item id="39573" count="1" /> <!-- Sealed Talisman - Insanity -->
		<item id="35649" count="1" /> <!-- Sealed Talisman - Longing -->
		<item id="37716" count="1" /> <!-- Seven Signs' Energy -->
		<item id="34999" count="1" /> <!-- Tauti's Axe -->
		<item id="35001" count="1" /> <!-- Tauti's Dual Axe -->
		<item id="34998" count="1" /> <!-- Tauti's One-handed Axe -->
		<item id="46063" count="1" /> <!-- Kelbim Crossbow -->
		<item id="46061" count="1" /> <!-- Kelbim Dual Dagger -->
		<item id="46062" count="1" /> <!-- Kelbim's Bow -->
		<item id="46060" count="1" /> <!-- Kelbim's Dagger -->
	</luxuryFortuneReadingTicketRewards>
	<rareLuxuryFortuneReadingTicketRewards>
		<item id="22426" count="1" /> <!-- Ancient Scroll: Enchant Weapon - R grade -->
		<item id="35566" count="1" /> <!-- Dark Amaranthine Enhancement Stone -->
		<item id="35567" count="1" /> <!-- Dark Eternal Enhancement Stone -->
		<item id="27601" count="2" /> <!-- Scroll of Blessing: Armor (R99-grade) -->
		<item id="36160" count="1" /> <!-- Scroll of Blessing: (R2-grade) -->
		<item id="36161" count="1" /> <!-- Scroll of Blessing: (R95-grade) -->
		<item id="36162" count="1" /> <!-- Scroll of Blessing: (R99-grade) -->
		<item id="27598" count="1" /> <!-- Scroll of Blessing: Weapon (R99-grade) -->
		<item id="6656" count="1" /> <!-- Antharas' Earring -->
		<item id="21712" count="1" /> <!-- Blessed Zaken's Earring -->
		<item id="37511" count="1" /> <!-- Enhanced Istina's Earring - Warrior -->
		<item id="37517" count="1" /> <!-- Enhanced Istina's Earring - Wizard -->
		<item id="37512" count="1" /> <!-- Enhanced Istina's Necklace - Warrior -->
		<item id="37518" count="1" /> <!-- Enhanced Istina's Necklace - Wizard -->
		<item id="37510" count="1" /> <!-- Enhanced Istina's Ring - Warrior -->
		<item id="37516" count="1" /> <!-- Enhanced Istina's Ring - Wizard -->
		<item id="37508" count="1" /> <!-- Enhanced Octavis' Earring - Warrior -->
		<item id="37514" count="1" /> <!-- Enhanced Octavis' Earring - Wizard -->
		<item id="37509" count="1" /> <!-- Enhanced Octavis' Necklace - Warrior -->
		<item id="37515" count="1" /> <!-- Enhanced Octavis' Necklace - Wizard -->
		<item id="37507" count="1" /> <!-- Enhanced Octavis' Ring - Warrior -->
		<item id="37513" count="1" /> <!-- Enhanced Octavis' Ring - Wizard -->
		<item id="6661" count="1" /> <!-- Orfen's Earring -->
		<item id="6660" count="1" /> <!-- Queen Ant's Ring -->
		<item id="27462" count="1" /> <!-- Angel Circlet Box -->
		<item id="27460" count="1" /> <!-- Cat Ears Box -->
		<item id="27463" count="1" /> <!-- Devil Circlet Box -->
		<item id="27464" count="1" /> <!-- Eyepatch Box -->
		<item id="27465" count="1" /> <!-- Outlaw's Eyepatch Box -->
		<item id="27467" count="1" /> <!-- Party Hat Box -->
		<item id="27464" count="1" /> <!-- Pirate's Eyepatch Box -->
		<item id="27458" count="1" /> <!-- Rabbit Ears Box -->
		<item id="27459" count="1" /> <!-- Raccoon Ears Box -->
		<item id="27468" count="1" /> <!-- Refined Angel Ring Box -->
		<item id="27469" count="1" /> <!-- Refined Devil Horn Box -->
		<item id="27461" count="1" /> <!-- Romantic Chapeau Box -->
		<item id="37722" count="1" /> <!-- Eva's Special Pack -->
		<item id="37720" count="1" /> <!-- Maphr's Special Pack -->
		<item id="37719" count="1" /> <!-- Pa'agrio's Special Pack -->
		<item id="37721" count="1" /> <!-- Sayha's Special Pack -->
		<item id="46449" count="1" /> <!-- Kain's Soul Crystal - Stage 6 -->
		<item id="46478" count="1" /> <!-- Leona's Soul Crystal - Stage 5 -->
		<item id="46479" count="1" /> <!-- Leona's Soul Crystal - Stage 6 -->
		<item id="46508" count="1" /> <!-- Lionel's Soul Crystal - Stage 5 -->
		<item id="46509" count="1" /> <!-- Lionel's Soul Crystal - Stage 6 -->
		<item id="46464" count="1" /> <!-- Mermoden's Soul Crystal - Stage 6 -->
		<item id="46493" count="1" /> <!-- Pantheon's Soul Crystal - Stage 5 -->
		<item id="46494" count="1" /> <!-- Pantheon's Soul Crystal - Stage 6 -->
		<item id="46553" count="1" /> <!-- Mystic Soul Crystal -->
		<item id="46063" count="1" /> <!-- Kelbim Crossbow -->
		<item id="46061" count="1" /> <!-- Kelbim Dual Dagger -->
		<item id="46062" count="1" /> <!-- Kelbim's Bow -->
		<item id="46060" count="1" /> <!-- Kelbim's Dagger -->
		<item id="34999" count="1" /> <!-- Tauti's Axe -->
		<item id="35001" count="1" /> <!-- Tauti's Dual Axe -->
		<item id="34998" count="1" /> <!-- Tauti's One-handed Axe -->
		<item id="6657" count="1" /> <!-- Valakas' Necklace -->
		<item id="46395" count="10" /> <!-- Shadow Ingot -->
		<item id="46151" count="1" /> <!-- Superior Giant's Codex - Mastery Chapter 1 -->
		<item id="39573" count="1" /> <!-- Sealed Talisman - Insanity -->
		<item id="35649" count="1" /> <!-- Sealed Talisman - Longing -->
		<item id="37716" count="1" /> <!-- Seven Signs' Energy -->
		<item id="37715" count="1" /> <!-- Talisman - Anakim -->
		<item id="37714" count="1" /> <!-- Talisman - Lilith -->
		<item id="37717" count="1" /> <!-- Talisman - Seven Signs -->
		<item id="39641" count="1" /> <!-- Venir's Talisman - Stage 8 -->
		<item id="39643" count="1" /> <!-- Venir's Talisman - Stage 10 -->
		<item id="39647" count="1" /> <!-- Venir's Talisman - Stage 14 -->
	</rareLuxuryFortuneReadingTicketRewards>
</list>