<?xml version="1.0" encoding="UTF-8"?>
<list enabled="true" xmlns:xsi="http://www.w3.org/2001/XMLSchema-instance" xsi:noNamespaceSchemaLocation="xsd/PrimeShop.xsd">
	<!-- Fortune Telling Event Items -->
	<!--
	<item id="1011633" cat="4" paymentType="0" price="1" panelType="1" recommended="1" startSale="315558000" endSale="2127452400" dayOfWeek="127" startHour="0" startMinute="0" stopHour="23" stopMinute="59" stock="-1" maxStock="-1" salePercent="0" minLevel="76" maxLevel="0" minBirthday="0" maxBirthday="0" restrictionDay="0" availableCount="0" >
		<item itemId="23768" count="1" />
	</item>
	<item id="1011632" cat="4" paymentType="1" price="35000000" panelType="1" recommended="1" startSale="315558000" endSale="2127452400" dayOfWeek="127" startHour="0" startMinute="0" stopHour="23" stopMinute="59" stock="-1" maxStock="-1" salePercent="0" minLevel="76" maxLevel="0" minBirthday="0" maxBirthday="0" restrictionDay="0" availableCount="0" >
		<item itemId="23767" count="1" />
	</item>
	-->
	
	<item id="1010030" cat="2" paymentType="0" price="8" panelType="0" recommended="0" startSale="315558000" endSale="2127452400" dayOfWeek="127" startHour="0" startMinute="0" stopHour="23" stopMinute="59" stock="0" maxStock="-1" salePercent="0" minLevel="0" maxLevel="0" minBirthday="0" maxBirthday="0" restrictionDay="0" availableCount="0" >
		<item itemId="20332" count="5000" /> <!-- Beast Soulshot-->
	</item>
	<item id="1010031" cat="2" paymentType="0" price="40" panelType="0" recommended="0" startSale="315558000" endSale="2127452400" dayOfWeek="127" startHour="0" startMinute="0" stopHour="23" stopMinute="59" stock="0" maxStock="-1" salePercent="0" minLevel="0" maxLevel="0" minBirthday="0" maxBirthday="0" restrictionDay="0" availableCount="0" >
		<item itemId="20334" count="5000" /> <!-- Blessed Beast Spiritshot-->
	</item>
	<item id="1010235" cat="6" paymentType="0" price="40" panelType="0" recommended="0" startSale="315558000" endSale="2127452400" dayOfWeek="127" startHour="0" startMinute="0" stopHour="23" stopMinute="59" stock="-1" maxStock="-1" salePercent="0" minLevel="0" maxLevel="0" minBirthday="0" maxBirthday="0" restrictionDay="0" availableCount="0" >
		<item itemId="22744" count="1" /> <!-- Vitality Suspending Potion Pack-->
	</item>
	<item id="1010394" cat="6" paymentType="0" price="60" panelType="0" recommended="0" startSale="315558000" endSale="2127452400" dayOfWeek="127" startHour="0" startMinute="0" stopHour="23" stopMinute="59" stock="-1" maxStock="-1" salePercent="0" minLevel="0" maxLevel="0" minBirthday="0" maxBirthday="0" restrictionDay="0" availableCount="0" >
		<item itemId="22979" count="1" /> <!-- SP Rune 50% Pack (1-hour)-->
	</item>
	<item id="1010520" cat="5" paymentType="0" price="40" panelType="0" recommended="0" startSale="315558000" endSale="2127452400" dayOfWeek="127" startHour="0" startMinute="0" stopHour="23" stopMinute="59" stock="-1" maxStock="-1" salePercent="0" minLevel="0" maxLevel="0" minBirthday="0" maxBirthday="0" restrictionDay="0" availableCount="0" >
		<item itemId="23393" count="1" /> <!-- Brilliant Talisman Pack-->
	</item>
	<item id="1010609" cat="6" paymentType="0" price="60" panelType="0" recommended="0" startSale="315558000" endSale="2127452400" dayOfWeek="127" startHour="0" startMinute="0" stopHour="23" stopMinute="59" stock="-1" maxStock="-1" salePercent="0" minLevel="0" maxLevel="0" minBirthday="0" maxBirthday="0" restrictionDay="0" availableCount="0" >
		<item itemId="23295" count="1" /> <!-- Drop Rate Rune 200% Pack (1-hour)-->
	</item>
	<item id="1010848" cat="2" paymentType="0" price="23" panelType="0" recommended="0" startSale="315558000" endSale="2127452400" dayOfWeek="127" startHour="0" startMinute="0" stopHour="23" stopMinute="59" stock="-1" maxStock="-1" salePercent="0" minLevel="0" maxLevel="0" minBirthday="0" maxBirthday="0" restrictionDay="0" availableCount="0" >
		<item itemId="22500" count="1" /> <!-- My Teleport Scroll 10-unit Pack-->
	</item>
	<item id="1010857" cat="2" paymentType="0" price="39" panelType="0" recommended="0" startSale="315558000" endSale="2127452400" dayOfWeek="127" startHour="0" startMinute="0" stopHour="23" stopMinute="59" stock="0" maxStock="-1" salePercent="0" minLevel="85" maxLevel="0" minBirthday="0" maxBirthday="0" restrictionDay="0" availableCount="0" >
		<item itemId="22932" count="1" /> <!-- Entrance Pass: Kartia's Labyrinth Lv. 85 Solo-->
	</item>
	<item id="1010891" cat="2" paymentType="0" price="39" panelType="0" recommended="0" startSale="315558000" endSale="2127452400" dayOfWeek="127" startHour="0" startMinute="0" stopHour="23" stopMinute="59" stock="-1" maxStock="-1" salePercent="0" minLevel="0" maxLevel="0" minBirthday="0" maxBirthday="0" restrictionDay="0" availableCount="0" >
		<item itemId="21210" count="3" /> <!-- MP Recovery Potion-->
	</item>
	<item id="1010895" cat="2" paymentType="0" price="39" panelType="0" recommended="0" startSale="315558000" endSale="2127452400" dayOfWeek="127" startHour="0" startMinute="0" stopHour="23" stopMinute="59" stock="-1" maxStock="-1" salePercent="0" minLevel="85" maxLevel="0" minBirthday="0" maxBirthday="0" restrictionDay="0" availableCount="0" >
		<item itemId="36270" count="1" /> <!-- Entrance Pass: Teredor-->
	</item>
	<item id="1010929" cat="2" paymentType="0" price="40" panelType="0" recommended="0" startSale="315558000" endSale="2127452400" dayOfWeek="127" startHour="0" startMinute="0" stopHour="23" stopMinute="59" stock="0" maxStock="-1" salePercent="0" minLevel="0" maxLevel="0" minBirthday="0" maxBirthday="0" restrictionDay="0" availableCount="0" >
		<item itemId="22576" count="1" /> <!-- Mysterious Soulshot Large Pack (S-grade)-->
	</item>
	<item id="1010972" cat="6" paymentType="0" price="160" panelType="0" recommended="0" startSale="315558000" endSale="2127452400" dayOfWeek="127" startHour="0" startMinute="0" stopHour="23" stopMinute="59" stock="-1" maxStock="-1" salePercent="0" minLevel="0" maxLevel="0" minBirthday="0" maxBirthday="0" restrictionDay="0" availableCount="0" >
		<item itemId="21212" count="1" /> <!-- Vitality Recovering Potion-->
		<item itemId="23805" count="2" /> <!-- Hero Coin-->
	</item>
	<item id="1010973" cat="6" paymentType="0" price="80" panelType="0" recommended="0" startSale="315558000" endSale="2127452400" dayOfWeek="127" startHour="0" startMinute="0" stopHour="23" stopMinute="59" stock="-1" maxStock="-1" salePercent="0" minLevel="0" maxLevel="0" minBirthday="0" maxBirthday="0" restrictionDay="0" availableCount="0" >
		<item itemId="22980" count="1" /> <!-- XP Rune I (Lv. 1-85) 100% Pack (1-hour)-->
		<item itemId="23805" count="1" /> <!-- Hero Coin-->
	</item>
	<item id="1010974" cat="6" paymentType="0" price="160" panelType="0" recommended="4" startSale="315558000" endSale="2127452400" dayOfWeek="127" startHour="0" startMinute="0" stopHour="23" stopMinute="59" stock="-1" maxStock="-1" salePercent="0" minLevel="0" maxLevel="0" minBirthday="0" maxBirthday="0" restrictionDay="0" availableCount="0" >
		<item itemId="22966" count="1" /> <!-- Vitality Maintaining Potion (1-hour)-->
		<item itemId="23805" count="2" /> <!-- Hero Coin-->
	</item>
	<item id="1010975" cat="6" paymentType="0" price="80" panelType="0" recommended="0" startSale="315558000" endSale="2127452400" dayOfWeek="127" startHour="0" startMinute="0" stopHour="23" stopMinute="59" stock="-1" maxStock="-1" salePercent="0" minLevel="0" maxLevel="0" minBirthday="0" maxBirthday="0" restrictionDay="0" availableCount="0" >
		<item itemId="22883" count="1" /> <!-- Scroll: Replenish Vitality-->
		<item itemId="23805" count="1" /> <!-- Hero Coin-->
	</item>
	<item id="1010976" cat="6" paymentType="0" price="80" panelType="0" recommended="0" startSale="315558000" endSale="2127452400" dayOfWeek="127" startHour="0" startMinute="0" stopHour="23" stopMinute="59" stock="-1" maxStock="-1" salePercent="0" minLevel="0" maxLevel="0" minBirthday="0" maxBirthday="0" restrictionDay="0" availableCount="0" >
		<item itemId="17206" count="1" /> <!-- XP Buff 50% (1-hour)-->
		<item itemId="23805" count="1" /> <!-- Hero Coin-->
	</item>
	<item id="1010977" cat="6" paymentType="0" price="290" panelType="0" recommended="0" startSale="315558000" endSale="2127452400" dayOfWeek="127" startHour="0" startMinute="0" stopHour="23" stopMinute="59" stock="-1" maxStock="-1" salePercent="0" minLevel="0" maxLevel="0" minBirthday="0" maxBirthday="0" restrictionDay="0" availableCount="0" >
		<item itemId="17211" count="1" /> <!-- XP Buff 50% (4-hour)-->
		<item itemId="23805" count="4" /> <!-- Hero Coin-->
	</item>
	<item id="1010978" cat="6" paymentType="0" price="120" panelType="0" recommended="0" startSale="315558000" endSale="2127452400" dayOfWeek="127" startHour="0" startMinute="0" stopHour="23" stopMinute="59" stock="-1" maxStock="-1" salePercent="0" minLevel="0" maxLevel="0" minBirthday="0" maxBirthday="0" restrictionDay="0" availableCount="0" >
		<item itemId="22981" count="1" /> <!-- XP Rune I (Lv. 1-85) 200% Pack (1-hour)-->
		<item itemId="23805" count="2" /> <!-- Hero Coin-->
	</item>
	<item id="1010979" cat="6" paymentType="0" price="240" panelType="0" recommended="0" startSale="315558000" endSale="2127452400" dayOfWeek="127" startHour="0" startMinute="0" stopHour="23" stopMinute="59" stock="-1" maxStock="-1" salePercent="0" minLevel="0" maxLevel="0" minBirthday="0" maxBirthday="0" restrictionDay="0" availableCount="0" >
		<item itemId="22884" count="1" /> <!-- Scroll: Replenish Vitality (High-grade)-->
		<item itemId="23805" count="3" /> <!-- Hero Coin-->
	</item>
	<item id="1010980" cat="6" paymentType="0" price="640" panelType="0" recommended="0" startSale="315558000" endSale="2127452400" dayOfWeek="127" startHour="0" startMinute="0" stopHour="23" stopMinute="59" stock="-1" maxStock="-1" salePercent="0" minLevel="0" maxLevel="0" minBirthday="0" maxBirthday="0" restrictionDay="0" availableCount="0" >
		<item itemId="22885" count="1" /> <!-- Scroll: Replenish Vitality (Top-grade)-->
		<item itemId="23805" count="8" /> <!-- Hero Coin-->
	</item>
	<item id="1010981" cat="6" paymentType="0" price="80" panelType="0" recommended="0" startSale="315558000" endSale="2127452400" dayOfWeek="127" startHour="0" startMinute="0" stopHour="23" stopMinute="59" stock="-1" maxStock="-1" salePercent="0" minLevel="0" maxLevel="0" minBirthday="0" maxBirthday="0" restrictionDay="0" availableCount="0" >
		<item itemId="23284" count="1" /> <!-- SP Rune 100% Pack (1-hour)-->
		<item itemId="23805" count="1" /> <!-- Hero Coin-->
	</item>
	<item id="1010982" cat="6" paymentType="0" price="960" panelType="0" recommended="0" startSale="315558000" endSale="2127452400" dayOfWeek="127" startHour="0" startMinute="0" stopHour="23" stopMinute="59" stock="-1" maxStock="-1" salePercent="0" minLevel="0" maxLevel="0" minBirthday="0" maxBirthday="0" restrictionDay="0" availableCount="0" >
		<item itemId="23285" count="1" /> <!-- SP Rune 100% Pack (7-day)-->
		<item itemId="23805" count="13" /> <!-- Hero Coin-->
	</item>
	<item id="1010983" cat="6" paymentType="0" price="160" panelType="0" recommended="0" startSale="315558000" endSale="2127452400" dayOfWeek="127" startHour="0" startMinute="0" stopHour="23" stopMinute="59" stock="-1" maxStock="-1" salePercent="0" minLevel="0" maxLevel="0" minBirthday="0" maxBirthday="0" restrictionDay="0" availableCount="0" >
		<item itemId="23287" count="1" /> <!-- SP Rune 200% Pack (1-hour)-->
		<item itemId="23805" count="2" /> <!-- Hero Coin-->
	</item>
	<item id="1010984" cat="6" paymentType="0" price="1920" panelType="0" recommended="2" startSale="315558000" endSale="2127452400" dayOfWeek="127" startHour="0" startMinute="0" stopHour="23" stopMinute="59" stock="-1" maxStock="-1" salePercent="0" minLevel="0" maxLevel="0" minBirthday="0" maxBirthday="0" restrictionDay="0" availableCount="0" >
		<item itemId="23288" count="1" /> <!-- SP Rune 200% Pack (7-day)-->
		<item itemId="23805" count="26" /> <!-- Hero Coin-->
	</item>
	<item id="1010985" cat="6" paymentType="0" price="100" panelType="0" recommended="0" startSale="315558000" endSale="2127452400" dayOfWeek="127" startHour="0" startMinute="0" stopHour="23" stopMinute="59" stock="-1" maxStock="-1" salePercent="0" minLevel="0" maxLevel="0" minBirthday="0" maxBirthday="0" restrictionDay="0" availableCount="0" >
		<item itemId="22906" count="1" /> <!-- XP Rune III (Lv. 1-99) 50% Pack (1-hour)-->
		<item itemId="23805" count="1" /> <!-- Hero Coin-->
	</item>
	<item id="1010986" cat="6" paymentType="0" price="1120" panelType="0" recommended="0" startSale="315558000" endSale="2127452400" dayOfWeek="127" startHour="0" startMinute="0" stopHour="23" stopMinute="59" stock="0" maxStock="-1" salePercent="0" minLevel="0" maxLevel="0" minBirthday="0" maxBirthday="0" restrictionDay="0" availableCount="0" >
		<item itemId="20553" count="1" /> <!-- XP Rune III (Lv. 1-99) 50% Pack (7-day)-->
		<item itemId="23805" count="15" /> <!-- Hero Coin-->
	</item>
	<item id="1010987" cat="6" paymentType="0" price="200" panelType="0" recommended="0" startSale="315558000" endSale="2127452400" dayOfWeek="127" startHour="0" startMinute="0" stopHour="23" stopMinute="59" stock="0" maxStock="-1" salePercent="0" minLevel="0" maxLevel="0" minBirthday="0" maxBirthday="0" restrictionDay="0" availableCount="0" >
		<item itemId="23277" count="1" /> <!-- XP Rune III (Lv. 1-99) 100% Pack (1-hour)-->
		<item itemId="23805" count="3" /> <!-- Hero Coin-->
	</item>
	<item id="1010988" cat="6" paymentType="0" price="2240" panelType="0" recommended="0" startSale="315558000" endSale="2127452400" dayOfWeek="127" startHour="0" startMinute="0" stopHour="23" stopMinute="59" stock="-1" maxStock="-1" salePercent="0" minLevel="0" maxLevel="0" minBirthday="0" maxBirthday="0" restrictionDay="0" availableCount="0" >
		<item itemId="23278" count="1" /> <!-- XP Rune III (Lv. 1-99) 100% Pack (7-day)-->
		<item itemId="23805" count="32" /> <!-- Hero Coin-->
	</item>
	<item id="1010989" cat="6" paymentType="0" price="400" panelType="0" recommended="0" startSale="315558000" endSale="2127452400" dayOfWeek="127" startHour="0" startMinute="0" stopHour="23" stopMinute="59" stock="-1" maxStock="-1" salePercent="0" minLevel="0" maxLevel="0" minBirthday="0" maxBirthday="0" restrictionDay="0" availableCount="0" >
		<item itemId="23280" count="1" /> <!-- XP Rune III (Lv. 1-99) 200% Pack (1-hour)-->
		<item itemId="23805" count="5" /> <!-- Hero Coin-->
	</item>
	<item id="1010990" cat="6" paymentType="0" price="4480" panelType="0" recommended="4" startSale="315558000" endSale="2127452400" dayOfWeek="127" startHour="0" startMinute="0" stopHour="23" stopMinute="59" stock="-1" maxStock="-1" salePercent="0" minLevel="0" maxLevel="0" minBirthday="0" maxBirthday="0" restrictionDay="0" availableCount="0" >
		<item itemId="23281" count="1" /> <!-- XP Rune III (Lv. 1-99) 200% Pack (7-day)-->
		<item itemId="23805" count="67" /> <!-- Hero Coin-->
	</item>
	<item id="1010991" cat="6" paymentType="0" price="640" panelType="0" recommended="0" startSale="315558000" endSale="2127452400" dayOfWeek="127" startHour="0" startMinute="0" stopHour="23" stopMinute="59" stock="0" maxStock="-1" salePercent="0" minLevel="0" maxLevel="0" minBirthday="0" maxBirthday="0" restrictionDay="0" availableCount="0" >
		<item itemId="20559" count="1" /> <!-- SP Rune 50% Pack (7-day)-->
		<item itemId="23805" count="8" /> <!-- Hero Coin-->
	</item>
	<item id="1010992" cat="6" paymentType="0" price="560" panelType="0" recommended="0" startSale="315558000" endSale="2127452400" dayOfWeek="127" startHour="0" startMinute="0" stopHour="23" stopMinute="59" stock="-1" maxStock="-1" salePercent="0" minLevel="0" maxLevel="0" minBirthday="0" maxBirthday="0" restrictionDay="0" availableCount="0" >
		<item itemId="23805" count="7" /> <!-- Hero Coin-->
		<item itemId="34043" count="1" /> <!-- XP Rune I (Lv. 1-85) 100% Pack (7-day)-->
	</item>
	<item id="1010993" cat="6" paymentType="0" price="1199" panelType="0" recommended="0" startSale="315558000" endSale="2127452400" dayOfWeek="127" startHour="0" startMinute="0" stopHour="23" stopMinute="59" stock="-1" maxStock="-1" salePercent="0" minLevel="0" maxLevel="0" minBirthday="0" maxBirthday="0" restrictionDay="0" availableCount="0" >
		<item itemId="23805" count="17" /> <!-- Hero Coin-->
		<item itemId="34046" count="1" /> <!-- XP Rune I (Lv. 1-85) 200% Pack (7-day)-->
	</item>
	<item id="1010994" cat="6" paymentType="0" price="299" panelType="0" recommended="0" startSale="315558000" endSale="2127452400" dayOfWeek="127" startHour="0" startMinute="0" stopHour="23" stopMinute="59" stock="-1" maxStock="-1" salePercent="0" minLevel="0" maxLevel="0" minBirthday="0" maxBirthday="0" restrictionDay="0" availableCount="0" >
		<item itemId="23389" count="1" /> <!-- XP Rune II (Lv. 1-95) 100% Pack (1-hour)-->
		<item itemId="23805" count="4" /> <!-- Hero Coin-->
	</item>
	<item id="1010995" cat="6" paymentType="0" price="1499" panelType="0" recommended="0" startSale="315558000" endSale="2127452400" dayOfWeek="127" startHour="0" startMinute="0" stopHour="23" stopMinute="59" stock="-1" maxStock="-1" salePercent="0" minLevel="0" maxLevel="0" minBirthday="0" maxBirthday="0" restrictionDay="0" availableCount="0" >
		<item itemId="23805" count="21" /> <!-- Hero Coin-->
		<item itemId="35977" count="1" /> <!-- XP Rune II (Lv. 1-95) 100% Pack (7-day) - Event-->
	</item>
	<item id="1010996" cat="6" paymentType="0" price="599" panelType="0" recommended="2" startSale="315558000" endSale="2127452400" dayOfWeek="127" startHour="0" startMinute="0" stopHour="23" stopMinute="59" stock="-1" maxStock="-1" salePercent="0" minLevel="0" maxLevel="0" minBirthday="0" maxBirthday="0" restrictionDay="0" availableCount="0" >
		<item itemId="22774" count="1" /> <!-- Drop Rate Rune 200% Pack (7-day)-->
		<item itemId="23805" count="8" /> <!-- Hero Coin-->
	</item>
	<item id="1010997" cat="4" paymentType="0" price="2400" panelType="0" recommended="0" startSale="315558000" endSale="2127452400" dayOfWeek="127" startHour="0" startMinute="0" stopHour="23" stopMinute="59" stock="0" maxStock="-1" salePercent="0" minLevel="0" maxLevel="0" minBirthday="0" maxBirthday="0" restrictionDay="0" availableCount="0" >
		<item itemId="23133" count="1" /> <!-- Gender Change Ticket-->
		<item itemId="23805" count="33" /> <!-- Hero Coin-->
	</item>
	<item id="1010998" cat="4" paymentType="0" price="2400" panelType="0" recommended="0" startSale="315558000" endSale="2127452400" dayOfWeek="127" startHour="0" startMinute="0" stopHour="23" stopMinute="59" stock="0" maxStock="-1" salePercent="0" minLevel="0" maxLevel="0" minBirthday="0" maxBirthday="0" restrictionDay="0" availableCount="0" >
		<item itemId="23134" count="1" /> <!-- Name Change Ticket-->
		<item itemId="23805" count="33" /> <!-- Hero Coin-->
	</item>
	<item id="1010999" cat="4" paymentType="0" price="2400" panelType="0" recommended="0" startSale="315558000" endSale="2127452400" dayOfWeek="127" startHour="0" startMinute="0" stopHour="23" stopMinute="59" stock="-1" maxStock="-1" salePercent="0" minLevel="0" maxLevel="0" minBirthday="0" maxBirthday="0" restrictionDay="0" availableCount="0" >
		<item itemId="23805" count="33" /> <!-- Hero Coin-->
		<item itemId="23814" count="1" /> <!-- Chaos Essence Pack - 30-day-->
	</item>
	<item id="1011000" cat="4" paymentType="0" price="1200" panelType="0" recommended="0" startSale="315558000" endSale="2127452400" dayOfWeek="127" startHour="0" startMinute="0" stopHour="23" stopMinute="59" stock="-1" maxStock="-1" salePercent="0" minLevel="0" maxLevel="0" minBirthday="0" maxBirthday="0" restrictionDay="0" availableCount="0" >
		<item itemId="23805" count="17" /> <!-- Hero Coin-->
		<item itemId="23815" count="1" /> <!-- Chaos Essence Pack (Dual Class) - 30-day-->
	</item>
	<item id="1011001" cat="4" paymentType="0" price="400" panelType="0" recommended="0" startSale="315558000" endSale="2127452400" dayOfWeek="127" startHour="0" startMinute="0" stopHour="23" stopMinute="59" stock="-1" maxStock="-1" salePercent="0" minLevel="0" maxLevel="0" minBirthday="0" maxBirthday="0" restrictionDay="0" availableCount="0" >
		<item itemId="13750" count="3" /> <!-- Warrior's Quick Healing Potion-->
		<item itemId="20553" count="1" /> <!-- XP Rune III (Lv. 1-99) 50% Pack (7-day)-->
		<item itemId="21037" count="10" /> <!-- Warrior's Quick CP Potion-->
		<item itemId="22768" count="1" /> <!-- Drop Rate Rune 50% Pack (7-day)-->
		<item itemId="23805" count="5" /> <!-- Hero Coin-->
		<item itemId="34082" count="1" /> <!-- Heavenly Cocktail-->
	</item>
	<item id="1011002" cat="4" paymentType="0" price="1200" panelType="0" recommended="0" startSale="315558000" endSale="2127452400" dayOfWeek="127" startHour="0" startMinute="0" stopHour="23" stopMinute="59" stock="-1" maxStock="-1" salePercent="0" minLevel="0" maxLevel="0" minBirthday="0" maxBirthday="0" restrictionDay="0" availableCount="0" >
		<item itemId="13750" count="9" /> <!-- Warrior's Quick Healing Potion-->
		<item itemId="21037" count="30" /> <!-- Warrior's Quick CP Potion-->
		<item itemId="23276" count="1" /> <!-- XP Rune III (Lv. 1-99) 50% Pack (30-day)-->
		<item itemId="23296" count="1" /> <!-- Drop Rate Rune 50% Pack (30-day)-->
		<item itemId="23805" count="17" /> <!-- Hero Coin-->
		<item itemId="34082" count="3" /> <!-- Heavenly Cocktail-->
	</item>
	<item id="1011003" cat="4" paymentType="0" price="3600" panelType="0" recommended="2" startSale="315558000" endSale="2127452400" dayOfWeek="127" startHour="0" startMinute="0" stopHour="23" stopMinute="59" stock="-1" maxStock="-1" salePercent="0" minLevel="0" maxLevel="0" minBirthday="0" maxBirthday="0" restrictionDay="0" availableCount="0" >
		<item itemId="13750" count="37" /> <!-- Warrior's Quick Healing Potion-->
		<item itemId="21037" count="90" /> <!-- Warrior's Quick CP Potion-->
		<item itemId="23279" count="1" /> <!-- XP Rune III (Lv. 1-99) 100% Pack (30-day)-->
		<item itemId="23297" count="1" /> <!-- Drop Rate Rune 100% Pack (30-day)-->
		<item itemId="23805" count="54" /> <!-- Hero Coin-->
		<item itemId="34082" count="9" /> <!-- Heavenly Cocktail-->
	</item>
	<item id="1011004" cat="3" paymentType="0" price="1200" panelType="0" recommended="0" startSale="315558000" endSale="2127452400" dayOfWeek="127" startHour="0" startMinute="0" stopHour="23" stopMinute="59" stock="0" maxStock="-1" salePercent="0" minLevel="0" maxLevel="0" minBirthday="0" maxBirthday="0" restrictionDay="0" availableCount="0" >
		<item itemId="21584" count="1" /> <!-- Festival's Cloak - Pitch Black Pack-->
		<item itemId="23805" count="17" /> <!-- Hero Coin-->
	</item>
	<item id="1011005" cat="3" paymentType="0" price="1200" panelType="0" recommended="0" startSale="315558000" endSale="2127452400" dayOfWeek="127" startHour="0" startMinute="0" stopHour="23" stopMinute="59" stock="0" maxStock="-1" salePercent="0" minLevel="0" maxLevel="0" minBirthday="0" maxBirthday="0" restrictionDay="0" availableCount="0" >
		<item itemId="21589" count="1" /> <!-- Festival's Cloak - Pearl White Pack-->
		<item itemId="23805" count="17" /> <!-- Hero Coin-->
	</item>
	<item id="1011006" cat="3" paymentType="0" price="80" panelType="0" recommended="0" startSale="315558000" endSale="2127452400" dayOfWeek="127" startHour="0" startMinute="0" stopHour="23" stopMinute="59" stock="-1" maxStock="-1" salePercent="0" minLevel="0" maxLevel="0" minBirthday="0" maxBirthday="0" restrictionDay="0" availableCount="0" >
		<item itemId="21421" count="1" /> <!-- Color Title Pack-->
		<item itemId="23805" count="1" /> <!-- Hero Coin-->
	</item>
	<item id="1011007" cat="3" paymentType="0" price="80" panelType="0" recommended="0" startSale="315558000" endSale="2127452400" dayOfWeek="127" startHour="0" startMinute="0" stopHour="23" stopMinute="59" stock="-1" maxStock="-1" salePercent="0" minLevel="0" maxLevel="0" minBirthday="0" maxBirthday="0" restrictionDay="0" availableCount="0" >
		<item itemId="23805" count="1" /> <!-- Hero Coin-->
		<item itemId="36308" count="1" /> <!-- Beauty Shop Ticket-->
	</item>
	<item id="1011008" cat="3" paymentType="0" price="799" panelType="0" recommended="0" startSale="315558000" endSale="2127452400" dayOfWeek="127" startHour="0" startMinute="0" stopHour="23" stopMinute="59" stock="0" maxStock="-1" salePercent="0" minLevel="0" maxLevel="0" minBirthday="0" maxBirthday="0" restrictionDay="0" availableCount="0" >
		<item itemId="23193" count="1" /> <!-- Ninja Hair Accessory Appearance Stone-->
		<item itemId="23531" count="2" /> <!-- Automatic Appearance Stone: Japanese Weapon-->
		<item itemId="23696" count="1" /> <!-- Ninja Top Appearance Stone - Modified Set-->
		<item itemId="23697" count="1" /> <!-- Ninja Pants Appearance Stone - Modified Set-->
		<item itemId="23698" count="1" /> <!-- Ninja Gloves Appearance Stone - Modified Set-->
		<item itemId="23699" count="1" /> <!-- Ninja Shoes Appearance Stone - Modified Set-->
		<item itemId="23805" count="10" /> <!-- Hero Coin-->
	</item>
	<item id="1011009" cat="3" paymentType="0" price="479" panelType="0" recommended="0" startSale="315558000" endSale="2127452400" dayOfWeek="127" startHour="0" startMinute="0" stopHour="23" stopMinute="59" stock="-1" maxStock="-1" salePercent="0" minLevel="0" maxLevel="0" minBirthday="0" maxBirthday="0" restrictionDay="0" availableCount="0" >
		<item itemId="23497" count="1" /> <!-- Metal Suit Hair Accessory Appearance Stone-->
		<item itemId="23712" count="1" /> <!-- Metal Suit Top Appearance Stone - Modified Set-->
		<item itemId="23713" count="1" /> <!-- Metal Suit Pants Appearance Stone - Modified Set-->
		<item itemId="23714" count="1" /> <!-- Metal Suit Gloves Appearance Stone - Modified Set-->
		<item itemId="23715" count="1" /> <!-- Metal Suit Shoes Appearance Stone - Modified Set-->
		<item itemId="23805" count="6" /> <!-- Hero Coin-->
	</item>
	<item id="1011010" cat="3" paymentType="0" price="479" panelType="0" recommended="0" startSale="315558000" endSale="2127452400" dayOfWeek="127" startHour="0" startMinute="0" stopHour="23" stopMinute="59" stock="-1" maxStock="-1" salePercent="0" minLevel="0" maxLevel="0" minBirthday="0" maxBirthday="0" restrictionDay="0" availableCount="0" >
		<item itemId="23507" count="1" /> <!-- Military Hair Accessory Appearance Stone-->
		<item itemId="23720" count="1" /> <!-- Military Top Appearance Stone - Modified Set-->
		<item itemId="23721" count="1" /> <!-- Military Pants Appearance Stone - Modified Set-->
		<item itemId="23722" count="1" /> <!-- Military Gloves Appearance Stone - Modified Set-->
		<item itemId="23723" count="1" /> <!-- Military Shoes Appearance Stone - Modified Set-->
		<item itemId="23805" count="6" /> <!-- Hero Coin-->
	</item>
	<item id="1011011" cat="3" paymentType="0" price="239" panelType="0" recommended="0" startSale="315558000" endSale="2127452400" dayOfWeek="127" startHour="0" startMinute="0" stopHour="23" stopMinute="59" stock="-1" maxStock="-1" salePercent="0" minLevel="0" maxLevel="0" minBirthday="0" maxBirthday="0" restrictionDay="0" availableCount="0" >
		<item itemId="23513" count="1" /> <!-- Maid Appearance Stone-->
		<item itemId="23514" count="1" /> <!-- Maid Hair Accessory Appearance Stone-->
		<item itemId="23805" count="3" /> <!-- Hero Coin-->
	</item>
	<item id="1011015" cat="3" paymentType="0" price="399" panelType="0" recommended="0" startSale="315558000" endSale="2127452400" dayOfWeek="127" startHour="0" startMinute="0" stopHour="23" stopMinute="59" stock="-1" maxStock="-1" salePercent="0" minLevel="0" maxLevel="0" minBirthday="0" maxBirthday="0" restrictionDay="0" availableCount="0" >
		<item itemId="21167" count="1" /> <!-- Agathion - Zaken's Spirit Swords Pack-->
		<item itemId="23805" count="5" /> <!-- Hero Coin-->
	</item>
	<item id="1011021" cat="3" paymentType="0" price="799" panelType="0" recommended="0" startSale="315558000" endSale="2127452400" dayOfWeek="127" startHour="0" startMinute="0" stopHour="23" stopMinute="59" stock="0" maxStock="-1" salePercent="0" minLevel="0" maxLevel="0" minBirthday="0" maxBirthday="0" restrictionDay="0" availableCount="0" >
		<item itemId="21413" count="1" /> <!-- Mount - Jet Bike Pack-->
		<item itemId="23805" count="10" /> <!-- Hero Coin-->
	</item>
	<item id="1011022" cat="3" paymentType="0" price="399" panelType="0" recommended="0" startSale="315558000" endSale="2127452400" dayOfWeek="127" startHour="0" startMinute="0" stopHour="23" stopMinute="59" stock="0" maxStock="-1" salePercent="0" minLevel="0" maxLevel="0" minBirthday="0" maxBirthday="0" restrictionDay="0" availableCount="0" >
		<item itemId="22402" count="1" /> <!-- Weapon Appearance Stone (R-grade)-->
		<item itemId="23805" count="5" /> <!-- Hero Coin-->
	</item>
	<item id="1011023" cat="3" paymentType="0" price="799" panelType="0" recommended="0" startSale="315558000" endSale="2127452400" dayOfWeek="127" startHour="0" startMinute="0" stopHour="23" stopMinute="59" stock="0" maxStock="-1" salePercent="0" minLevel="0" maxLevel="0" minBirthday="0" maxBirthday="0" restrictionDay="0" availableCount="0" >
		<item itemId="22408" count="1" /> <!-- Blessed Weapon Appearance Stone (R-grade)-->
		<item itemId="23805" count="10" /> <!-- Hero Coin-->
	</item>
	<item id="1011024" cat="3" paymentType="0" price="319" panelType="0" recommended="0" startSale="315558000" endSale="2127452400" dayOfWeek="127" startHour="0" startMinute="0" stopHour="23" stopMinute="59" stock="-1" maxStock="-1" salePercent="0" minLevel="0" maxLevel="0" minBirthday="0" maxBirthday="0" restrictionDay="0" availableCount="0" >
		<item itemId="22682" count="1" /> <!-- Armor Appearance Stone (R-grade)-->
		<item itemId="23805" count="4" /> <!-- Hero Coin-->
	</item>
	<item id="1011025" cat="3" paymentType="0" price="639" panelType="0" recommended="0" startSale="315558000" endSale="2127452400" dayOfWeek="127" startHour="0" startMinute="0" stopHour="23" stopMinute="59" stock="-1" maxStock="-1" salePercent="0" minLevel="0" maxLevel="0" minBirthday="0" maxBirthday="0" restrictionDay="0" availableCount="0" >
		<item itemId="22688" count="1" /> <!-- Blessed Armor Appearance Stone (R-grade)-->
		<item itemId="23805" count="8" /> <!-- Hero Coin-->
	</item>
	<item id="1011026" cat="3" paymentType="0" price="160" panelType="0" recommended="0" startSale="315558000" endSale="2127452400" dayOfWeek="127" startHour="0" startMinute="0" stopHour="23" stopMinute="59" stock="-1" maxStock="-1" salePercent="0" minLevel="0" maxLevel="0" minBirthday="0" maxBirthday="0" restrictionDay="0" availableCount="0" >
		<item itemId="22708" count="1" /> <!-- Hair Accessory Appearance Stone-->
		<item itemId="23805" count="2" /> <!-- Hero Coin-->
	</item>
	<item id="1011027" cat="3" paymentType="0" price="319" panelType="0" recommended="0" startSale="315558000" endSale="2127452400" dayOfWeek="127" startHour="0" startMinute="0" stopHour="23" stopMinute="59" stock="-1" maxStock="-1" salePercent="0" minLevel="0" maxLevel="0" minBirthday="0" maxBirthday="0" restrictionDay="0" availableCount="0" >
		<item itemId="22709" count="1" /> <!-- Blessed Hair Accessory Appearance Stone-->
		<item itemId="23805" count="4" /> <!-- Hero Coin-->
	</item>
	<item id="1011043" cat="3" paymentType="0" price="399" panelType="0" recommended="0" startSale="315558000" endSale="2127452400" dayOfWeek="127" startHour="0" startMinute="0" stopHour="23" stopMinute="59" stock="0" maxStock="-1" salePercent="0" minLevel="0" maxLevel="0" minBirthday="0" maxBirthday="0" restrictionDay="0" availableCount="0" >
		<item itemId="23482" count="1" /> <!-- Top Hat-->
		<item itemId="23805" count="5" /> <!-- Hero Coin-->
	</item>
	<item id="1011044" cat="3" paymentType="0" price="799" panelType="0" recommended="0" startSale="315558000" endSale="2127452400" dayOfWeek="127" startHour="0" startMinute="0" stopHour="23" stopMinute="59" stock="0" maxStock="-1" salePercent="0" minLevel="0" maxLevel="0" minBirthday="0" maxBirthday="0" restrictionDay="0" availableCount="0" >
		<item itemId="23530" count="1" /> <!-- Automatic Appearance Stone: Emerald Weapon-->
		<item itemId="23805" count="10" /> <!-- Hero Coin-->
	</item>
	<item id="1011045" cat="3" paymentType="0" price="399" panelType="0" recommended="0" startSale="315558000" endSale="2127452400" dayOfWeek="127" startHour="0" startMinute="0" stopHour="23" stopMinute="59" stock="0" maxStock="-1" salePercent="0" minLevel="85" maxLevel="0" minBirthday="0" maxBirthday="0" restrictionDay="0" availableCount="0" >
		<item itemId="21126" count="1" /> <!-- Warrior's Helmet-->
		<item itemId="23805" count="5" /> <!-- Hero Coin-->
	</item>
	<item id="1011046" cat="3" paymentType="0" price="399" panelType="0" recommended="0" startSale="315558000" endSale="2127452400" dayOfWeek="127" startHour="0" startMinute="0" stopHour="23" stopMinute="59" stock="-1" maxStock="-1" salePercent="0" minLevel="85" maxLevel="0" minBirthday="0" maxBirthday="0" restrictionDay="0" availableCount="0" >
		<item itemId="20022" count="1" /> <!-- Ruthless Tribe Mask-->
		<item itemId="23805" count="5" /> <!-- Hero Coin-->
	</item>
	<item id="1011058" cat="3" paymentType="0" price="399" panelType="0" recommended="0" startSale="315558000" endSale="2127452400" dayOfWeek="127" startHour="0" startMinute="0" stopHour="23" stopMinute="59" stock="-1" maxStock="-1" salePercent="0" minLevel="85" maxLevel="0" minBirthday="0" maxBirthday="0" restrictionDay="0" availableCount="0" >
		<item itemId="9886" count="1" /> <!-- Wizard Hat - Big Head-->
		<item itemId="23805" count="5" /> <!-- Hero Coin-->
	</item>
	<item id="1011059" cat="3" paymentType="0" price="399" panelType="0" recommended="0" startSale="315558000" endSale="2127452400" dayOfWeek="127" startHour="0" startMinute="0" stopHour="23" stopMinute="59" stock="0" maxStock="-1" salePercent="0" minLevel="85" maxLevel="0" minBirthday="0" maxBirthday="0" restrictionDay="0" availableCount="0" >
		<item itemId="13498" count="1" /> <!-- Refined Wizard Hat-->
		<item itemId="23805" count="5" /> <!-- Hero Coin-->
	</item>
	<item id="1011062" cat="3" paymentType="0" price="399" panelType="0" recommended="0" startSale="315558000" endSale="2127452400" dayOfWeek="127" startHour="0" startMinute="0" stopHour="23" stopMinute="59" stock="0" maxStock="-1" salePercent="0" minLevel="0" maxLevel="0" minBirthday="0" maxBirthday="0" restrictionDay="0" availableCount="0" >
		<item itemId="23805" count="5" /> <!-- Hero Coin-->
		<item itemId="37661" count="1" /> <!-- Refined Romantic Chapeau: Blue-->
	</item>
	<item id="1011063" cat="3" paymentType="0" price="399" panelType="0" recommended="0" startSale="315558000" endSale="2127452400" dayOfWeek="127" startHour="0" startMinute="0" stopHour="23" stopMinute="59" stock="0" maxStock="-1" salePercent="0" minLevel="0" maxLevel="0" minBirthday="0" maxBirthday="0" restrictionDay="0" availableCount="0" >
		<item itemId="23805" count="5" /> <!-- Hero Coin-->
		<item itemId="37662" count="1" /> <!-- Refined Romantic Chapeau: Gold-->
	</item>
	<item id="1011064" cat="3" paymentType="0" price="399" panelType="0" recommended="0" startSale="315558000" endSale="2127452400" dayOfWeek="127" startHour="0" startMinute="0" stopHour="23" stopMinute="59" stock="0" maxStock="-1" salePercent="0" minLevel="0" maxLevel="0" minBirthday="0" maxBirthday="0" restrictionDay="0" availableCount="0" >
		<item itemId="23805" count="5" /> <!-- Hero Coin-->
		<item itemId="37663" count="1" /> <!-- Refined Romantic Chapeau: Green-->
	</item>
	<item id="1011065" cat="3" paymentType="0" price="399" panelType="0" recommended="0" startSale="315558000" endSale="2127452400" dayOfWeek="127" startHour="0" startMinute="0" stopHour="23" stopMinute="59" stock="0" maxStock="-1" salePercent="0" minLevel="0" maxLevel="0" minBirthday="0" maxBirthday="0" restrictionDay="0" availableCount="0" >
		<item itemId="23805" count="5" /> <!-- Hero Coin-->
		<item itemId="37664" count="1" /> <!-- Refined Romantic Chapeau: Red-->
	</item>
	<item id="1011066" cat="3" paymentType="0" price="399" panelType="0" recommended="0" startSale="315558000" endSale="2127452400" dayOfWeek="127" startHour="0" startMinute="0" stopHour="23" stopMinute="59" stock="0" maxStock="-1" salePercent="0" minLevel="0" maxLevel="0" minBirthday="0" maxBirthday="0" restrictionDay="0" availableCount="0" >
		<item itemId="23805" count="5" /> <!-- Hero Coin-->
		<item itemId="37665" count="1" /> <!-- Refined Romantic Chapeau: Yellow-->
	</item>
	<item id="1011067" cat="5" paymentType="0" price="160" panelType="0" recommended="0" startSale="315558000" endSale="2127452400" dayOfWeek="127" startHour="0" startMinute="0" stopHour="23" stopMinute="59" stock="0" maxStock="-1" salePercent="0" minLevel="0" maxLevel="0" minBirthday="0" maxBirthday="0" restrictionDay="0" availableCount="0" >
		<item itemId="23805" count="2" /> <!-- Hero Coin-->
		<item itemId="33855" count="1" /> <!-- Lucky Enchant Stone: Weapon (R-grade) - Event-->
	</item>
	<item id="1011068" cat="5" paymentType="0" price="80" panelType="0" recommended="0" startSale="315558000" endSale="2127452400" dayOfWeek="127" startHour="0" startMinute="0" stopHour="23" stopMinute="59" stock="-1" maxStock="-1" salePercent="0" minLevel="0" maxLevel="0" minBirthday="0" maxBirthday="0" restrictionDay="0" availableCount="0" >
		<item itemId="23805" count="1" /> <!-- Hero Coin-->
		<item itemId="33861" count="1" /> <!-- Lucky Enchant Stone: Armor (R-grade) - Event-->
	</item>
	<item id="1011069" cat="5" paymentType="0" price="320" panelType="0" recommended="0" startSale="315558000" endSale="2127452400" dayOfWeek="127" startHour="0" startMinute="0" stopHour="23" stopMinute="59" stock="0" maxStock="-1" salePercent="0" minLevel="85" maxLevel="0" minBirthday="0" maxBirthday="0" restrictionDay="0" availableCount="0" >
		<item itemId="23805" count="4" /> <!-- Hero Coin-->
		<item itemId="36008" count="1" /> <!-- High-grade Lucky Enchant Stone: Weapon (R-grade)-->
	</item>
	<item id="1011070" cat="5" paymentType="0" price="160" panelType="0" recommended="0" startSale="315558000" endSale="2127452400" dayOfWeek="127" startHour="0" startMinute="0" stopHour="23" stopMinute="59" stock="-1" maxStock="-1" salePercent="0" minLevel="85" maxLevel="0" minBirthday="0" maxBirthday="0" restrictionDay="0" availableCount="0" >
		<item itemId="23805" count="2" /> <!-- Hero Coin-->
		<item itemId="36009" count="1" /> <!-- High-grade Lucky Enchant Stone: Armor (R-grade)-->
	</item>
	<item id="1011071" cat="5" paymentType="0" price="120" panelType="0" recommended="0" startSale="315558000" endSale="2127452400" dayOfWeek="127" startHour="0" startMinute="0" stopHour="23" stopMinute="59" stock="0" maxStock="-1" salePercent="0" minLevel="0" maxLevel="0" minBirthday="0" maxBirthday="0" restrictionDay="0" availableCount="0" >
		<item itemId="23399" count="1" /> <!-- Blessed Scroll: Enchant Armor Pack-->
		<item itemId="23805" count="2" /> <!-- Hero Coin-->
	</item>
	<item id="1011072" cat="5" paymentType="0" price="240" panelType="0" recommended="0" startSale="315558000" endSale="2127452400" dayOfWeek="127" startHour="0" startMinute="0" stopHour="23" stopMinute="59" stock="-1" maxStock="-1" salePercent="0" minLevel="0" maxLevel="0" minBirthday="0" maxBirthday="0" restrictionDay="0" availableCount="0" >
		<item itemId="23398" count="1" /> <!-- Blessed Scroll: Enchant Weapon Pack-->
		<item itemId="23805" count="3" /> <!-- Hero Coin-->
	</item>
	<item id="1011073" cat="5" paymentType="0" price="279" panelType="0" recommended="0" startSale="315558000" endSale="2127452400" dayOfWeek="127" startHour="0" startMinute="0" stopHour="23" stopMinute="59" stock="0" maxStock="-1" salePercent="0" minLevel="0" maxLevel="0" minBirthday="0" maxBirthday="0" restrictionDay="0" availableCount="0" >
		<item itemId="23385" count="1" /> <!-- Life Stone: Adenian Underwear-->
		<item itemId="23805" count="3" /> <!-- Hero Coin-->
	</item>
	<item id="1011074" cat="5" paymentType="0" price="1599" panelType="0" recommended="4" startSale="315558000" endSale="2127452400" dayOfWeek="127" startHour="0" startMinute="0" stopHour="23" stopMinute="59" stock="-1" maxStock="-1" salePercent="0" minLevel="85" maxLevel="0" minBirthday="0" maxBirthday="0" restrictionDay="0" availableCount="0" >
		<item itemId="23805" count="22" /> <!-- Hero Coin-->
		<item itemId="35562" count="25" /> <!-- Energy of Destruction-->
		<item itemId="35563" count="30" /> <!-- Giant's Energy-->
		<item itemId="37622" count="1" /> <!-- Kaliel's Energy Box - Western Winds-->
	</item>
	<item id="1011075" cat="5" paymentType="0" price="80" panelType="0" recommended="0" startSale="315558000" endSale="2127452400" dayOfWeek="127" startHour="0" startMinute="0" stopHour="23" stopMinute="59" stock="-1" maxStock="-1" salePercent="0" minLevel="0" maxLevel="0" minBirthday="0" maxBirthday="0" restrictionDay="0" availableCount="0" >
		<item itemId="23805" count="1" /> <!-- Hero Coin-->
		<item itemId="35562" count="2" /> <!-- Energy of Destruction-->
	</item>
	<item id="1011076" cat="5" paymentType="0" price="399" panelType="0" recommended="0" startSale="315558000" endSale="2127452400" dayOfWeek="127" startHour="0" startMinute="0" stopHour="23" stopMinute="59" stock="0" maxStock="-1" salePercent="0" minLevel="0" maxLevel="0" minBirthday="0" maxBirthday="0" restrictionDay="0" availableCount="0" >
		<item itemId="21580" count="1" /> <!-- Power Shirt-->
		<item itemId="23805" count="5" /> <!-- Hero Coin-->
	</item>
	<item id="1011077" cat="5" paymentType="0" price="79" panelType="0" recommended="0" startSale="315558000" endSale="2127452400" dayOfWeek="127" startHour="0" startMinute="0" stopHour="23" stopMinute="59" stock="-1" maxStock="-1" salePercent="0" minLevel="0" maxLevel="0" minBirthday="0" maxBirthday="0" restrictionDay="0" availableCount="0" >
		<item itemId="22905" count="1" /> <!-- Blessed Scroll: Enchant Power Shirt-->
		<item itemId="23805" count="1" /> <!-- Hero Coin-->
	</item>
	<item id="1011078" cat="5" paymentType="0" price="319" panelType="0" recommended="0" startSale="315558000" endSale="2127452400" dayOfWeek="127" startHour="0" startMinute="0" stopHour="23" stopMinute="59" stock="-1" maxStock="-1" salePercent="0" minLevel="85" maxLevel="0" minBirthday="0" maxBirthday="0" restrictionDay="0" availableCount="0" >
		<item itemId="23805" count="4" /> <!-- Hero Coin-->
		<item itemId="37566" count="1" /> <!-- Blessed Lucky Enchant Stone: Weapon (R-grade)-->
	</item>
	<item id="1011079" cat="5" paymentType="0" price="159" panelType="0" recommended="0" startSale="315558000" endSale="2127452400" dayOfWeek="127" startHour="0" startMinute="0" stopHour="23" stopMinute="59" stock="-1" maxStock="-1" salePercent="0" minLevel="85" maxLevel="0" minBirthday="0" maxBirthday="0" restrictionDay="0" availableCount="0" >
		<item itemId="23805" count="2" /> <!-- Hero Coin-->
		<item itemId="37567" count="1" /> <!-- Blessed Lucky Enchant Stone: Armor (R-grade)-->
	</item>
	<item id="1011080" cat="5" paymentType="0" price="639" panelType="0" recommended="0" startSale="315558000" endSale="2127452400" dayOfWeek="127" startHour="0" startMinute="0" stopHour="23" stopMinute="59" stock="-1" maxStock="-1" salePercent="0" minLevel="85" maxLevel="0" minBirthday="0" maxBirthday="0" restrictionDay="0" availableCount="0" >
		<item itemId="23805" count="8" /> <!-- Hero Coin-->
		<item itemId="38757" count="1" /> <!-- Blessed High-grade Lucky Enchant Stone: Weapon (R-grade)-->
	</item>
	<item id="1011081" cat="5" paymentType="0" price="319" panelType="0" recommended="0" startSale="315558000" endSale="2127452400" dayOfWeek="127" startHour="0" startMinute="0" stopHour="23" stopMinute="59" stock="-1" maxStock="-1" salePercent="0" minLevel="85" maxLevel="0" minBirthday="0" maxBirthday="0" restrictionDay="0" availableCount="0" >
		<item itemId="23805" count="4" /> <!-- Hero Coin-->
		<item itemId="38758" count="1" /> <!-- Blessed High-grade Lucky Enchant Stone: Armor (R-grade)-->
	</item>
	<item id="1011082" cat="2" paymentType="0" price="80" panelType="0" recommended="0" startSale="315558000" endSale="2127452400" dayOfWeek="127" startHour="0" startMinute="0" stopHour="23" stopMinute="59" stock="-1" maxStock="-1" salePercent="0" minLevel="0" maxLevel="0" minBirthday="0" maxBirthday="0" restrictionDay="0" availableCount="0" >
		<item itemId="14065" count="1" /> <!-- Superior Minion Coupon - 5-hour-->
		<item itemId="23805" count="1" /> <!-- Hero Coin-->
	</item>
	<item id="1011083" cat="2" paymentType="0" price="240" panelType="0" recommended="0" startSale="315558000" endSale="2127452400" dayOfWeek="127" startHour="0" startMinute="0" stopHour="23" stopMinute="59" stock="0" maxStock="-1" salePercent="0" minLevel="0" maxLevel="0" minBirthday="0" maxBirthday="0" restrictionDay="0" availableCount="0" >
		<item itemId="22312" count="1" /> <!-- Top-grade Magic Pin Cloth Belt-->
		<item itemId="23805" count="3" /> <!-- Hero Coin-->
	</item>
	<item id="1011084" cat="2" paymentType="0" price="400" panelType="0" recommended="0" startSale="315558000" endSale="2127452400" dayOfWeek="127" startHour="0" startMinute="0" stopHour="23" stopMinute="59" stock="0" maxStock="-1" salePercent="0" minLevel="0" maxLevel="0" minBirthday="0" maxBirthday="0" restrictionDay="0" availableCount="0" >
		<item itemId="22313" count="1" /> <!-- Top-grade Magic Pouch Cloth Belt-->
		<item itemId="23805" count="5" /> <!-- Hero Coin-->
	</item>
	<item id="1011085" cat="2" paymentType="0" price="200" panelType="0" recommended="0" startSale="315558000" endSale="2127452400" dayOfWeek="127" startHour="0" startMinute="0" stopHour="23" stopMinute="59" stock="0" maxStock="-1" salePercent="0" minLevel="0" maxLevel="0" minBirthday="0" maxBirthday="0" restrictionDay="0" availableCount="0" >
		<item itemId="22900" count="1" /> <!-- Expand Inventory Lv. 1-->
		<item itemId="23805" count="3" /> <!-- Hero Coin-->
	</item>
	<item id="1011086" cat="2" paymentType="0" price="400" panelType="0" recommended="0" startSale="315558000" endSale="2127452400" dayOfWeek="127" startHour="0" startMinute="0" stopHour="23" stopMinute="59" stock="0" maxStock="-1" salePercent="0" minLevel="0" maxLevel="0" minBirthday="0" maxBirthday="0" restrictionDay="0" availableCount="0" >
		<item itemId="22901" count="1" /> <!-- Expand Inventory Lv. 2-->
		<item itemId="23805" count="5" /> <!-- Hero Coin-->
	</item>
	<item id="1011087" cat="2" paymentType="0" price="200" panelType="0" recommended="0" startSale="315558000" endSale="2127452400" dayOfWeek="127" startHour="0" startMinute="0" stopHour="23" stopMinute="59" stock="0" maxStock="-1" salePercent="0" minLevel="0" maxLevel="0" minBirthday="0" maxBirthday="0" restrictionDay="0" availableCount="0" >
		<item itemId="22902" count="1" /> <!-- Spellbook: Expand Warehouse Lv. 1-->
		<item itemId="23805" count="3" /> <!-- Hero Coin-->
	</item>
	<item id="1011088" cat="2" paymentType="0" price="400" panelType="0" recommended="0" startSale="315558000" endSale="2127452400" dayOfWeek="127" startHour="0" startMinute="0" stopHour="23" stopMinute="59" stock="0" maxStock="-1" salePercent="0" minLevel="0" maxLevel="0" minBirthday="0" maxBirthday="0" restrictionDay="0" availableCount="0" >
		<item itemId="22903" count="1" /> <!-- Spellbook: Expand Warehouse Lv. 2-->
		<item itemId="23805" count="5" /> <!-- Hero Coin-->
	</item>
	<item id="1011089" cat="2" paymentType="0" price="200" panelType="0" recommended="0" startSale="315558000" endSale="2127452400" dayOfWeek="127" startHour="0" startMinute="0" stopHour="23" stopMinute="59" stock="0" maxStock="-1" salePercent="0" minLevel="0" maxLevel="0" minBirthday="0" maxBirthday="0" restrictionDay="0" availableCount="0" >
		<item itemId="22542" count="1" /> <!-- Improved Mithril Bracelet Pack-->
		<item itemId="23805" count="3" /> <!-- Hero Coin-->
	</item>
	<item id="1011090" cat="2" paymentType="0" price="80" panelType="0" recommended="0" startSale="315558000" endSale="2127452400" dayOfWeek="127" startHour="0" startMinute="0" stopHour="23" stopMinute="59" stock="-1" maxStock="-1" salePercent="0" minLevel="0" maxLevel="0" minBirthday="0" maxBirthday="0" restrictionDay="0" availableCount="0" >
		<item itemId="22888" count="5000" /> <!-- Mysterious Soulshot (R-grade)-->
		<item itemId="23805" count="1" /> <!-- Hero Coin-->
	</item>
	<item id="1011091" cat="2" paymentType="0" price="160" panelType="0" recommended="0" startSale="315558000" endSale="2127452400" dayOfWeek="127" startHour="0" startMinute="0" stopHour="23" stopMinute="59" stock="0" maxStock="-1" salePercent="0" minLevel="0" maxLevel="0" minBirthday="0" maxBirthday="0" restrictionDay="0" availableCount="0" >
		<item itemId="22889" count="5000" /> <!-- Mysterious Blessed Spiritshot (R-grade)-->
		<item itemId="23805" count="2" /> <!-- Hero Coin-->
	</item>
	<item id="1011092" cat="2" paymentType="0" price="240" panelType="0" recommended="0" startSale="315558000" endSale="2127452400" dayOfWeek="127" startHour="0" startMinute="0" stopHour="23" stopMinute="59" stock="0" maxStock="-1" salePercent="0" minLevel="85" maxLevel="0" minBirthday="0" maxBirthday="0" restrictionDay="0" availableCount="0" >
		<item itemId="23232" count="1" /> <!-- Traces of Ancient Kartia's Labyrinth-->
		<item itemId="23805" count="3" /> <!-- Hero Coin-->
	</item>
	<item id="1011093" cat="2" paymentType="0" price="599" panelType="0" recommended="0" startSale="315558000" endSale="2127452400" dayOfWeek="127" startHour="0" startMinute="0" stopHour="23" stopMinute="59" stock="0" maxStock="-1" salePercent="0" minLevel="0" maxLevel="0" minBirthday="0" maxBirthday="0" restrictionDay="0" availableCount="0" >
		<item itemId="23225" count="1" /> <!-- Soul Avatar's Giant Placid-->
		<item itemId="23805" count="8" /> <!-- Hero Coin-->
	</item>
	<item id="1011094" cat="2" paymentType="0" price="399" panelType="0" recommended="0" startSale="315558000" endSale="2127452400" dayOfWeek="127" startHour="0" startMinute="0" stopHour="23" stopMinute="59" stock="0" maxStock="-1" salePercent="0" minLevel="85" maxLevel="0" minBirthday="0" maxBirthday="0" restrictionDay="0" availableCount="0" >
		<item itemId="23805" count="5" /> <!-- Hero Coin-->
		<item itemId="35757" count="1" /> <!-- Scroll: Reputation (Top-grade) - Event-->
	</item>
	<item id="1011095" cat="2" paymentType="0" price="159" panelType="0" recommended="0" startSale="315558000" endSale="2127452400" dayOfWeek="127" startHour="0" startMinute="0" stopHour="23" stopMinute="59" stock="-1" maxStock="-1" salePercent="0" minLevel="0" maxLevel="0" minBirthday="0" maxBirthday="0" restrictionDay="0" availableCount="0" >
		<item itemId="20914" count="1" /> <!-- Enhanced Rose Spirit Coupon (5-hour)-->
		<item itemId="23805" count="2" /> <!-- Hero Coin-->
	</item>
	<item id="1011096" cat="2" paymentType="0" price="560" panelType="0" recommended="0" startSale="315558000" endSale="2127452400" dayOfWeek="127" startHour="0" startMinute="0" stopHour="23" stopMinute="59" stock="-1" maxStock="-1" salePercent="0" minLevel="85" maxLevel="0" minBirthday="0" maxBirthday="0" restrictionDay="0" availableCount="0" >
		<item itemId="20904" count="250" /> <!-- Rose Essence-->
		<item itemId="23805" count="7" /> <!-- Hero Coin-->
	</item>
	<item id="1011097" cat="2" paymentType="0" price="159" panelType="0" recommended="0" startSale="315558000" endSale="2127452400" dayOfWeek="127" startHour="0" startMinute="0" stopHour="23" stopMinute="59" stock="0" maxStock="-1" salePercent="0" minLevel="0" maxLevel="0" minBirthday="0" maxBirthday="0" restrictionDay="0" availableCount="0" >
		<item itemId="22499" count="1" /> <!-- My Teleport Book Pack-->
		<item itemId="23805" count="2" /> <!-- Hero Coin-->
	</item>
	<item id="1011098" cat="2" paymentType="0" price="79" panelType="0" recommended="0" startSale="315558000" endSale="2127452400" dayOfWeek="127" startHour="0" startMinute="0" stopHour="23" stopMinute="59" stock="0" maxStock="-1" salePercent="0" minLevel="0" maxLevel="0" minBirthday="0" maxBirthday="0" restrictionDay="0" availableCount="0" >
		<item itemId="22504" count="1" /> <!-- My Teleport Flag 10-unit Pack-->
		<item itemId="23805" count="1" /> <!-- Hero Coin-->
	</item>
	<item id="1011099" cat="2" paymentType="0" price="79" panelType="0" recommended="0" startSale="315558000" endSale="2127452400" dayOfWeek="127" startHour="0" startMinute="0" stopHour="23" stopMinute="59" stock="-1" maxStock="-1" salePercent="0" minLevel="0" maxLevel="0" minBirthday="0" maxBirthday="0" restrictionDay="0" availableCount="0" >
		<item itemId="21237" count="3" /> <!-- Super Healthy Juice Pack (HP)-->
		<item itemId="23805" count="1" /> <!-- Hero Coin-->
	</item>
	<item id="1011100" cat="2" paymentType="0" price="119" panelType="0" recommended="0" startSale="315558000" endSale="2127452400" dayOfWeek="127" startHour="0" startMinute="0" stopHour="23" stopMinute="59" stock="0" maxStock="-1" salePercent="0" minLevel="0" maxLevel="0" minBirthday="0" maxBirthday="0" restrictionDay="0" availableCount="0" >
		<item itemId="21241" count="3" /> <!-- Super Healthy Juice Pack (CP)-->
		<item itemId="23805" count="2" /> <!-- Hero Coin-->
	</item>
	<item id="1011101" cat="2" paymentType="0" price="79" panelType="0" recommended="0" startSale="315558000" endSale="2127452400" dayOfWeek="127" startHour="0" startMinute="0" stopHour="23" stopMinute="59" stock="-1" maxStock="-1" salePercent="0" minLevel="85" maxLevel="0" minBirthday="0" maxBirthday="0" restrictionDay="0" availableCount="0" >
		<item itemId="22933" count="1" /> <!-- Entrance Pass: Kartia's Labyrinth Lv. 90 Solo-->
		<item itemId="23805" count="1" /> <!-- Hero Coin-->
	</item>
	<item id="1011102" cat="2" paymentType="0" price="119" panelType="0" recommended="0" startSale="315558000" endSale="2127452400" dayOfWeek="127" startHour="0" startMinute="0" stopHour="23" stopMinute="59" stock="0" maxStock="-1" salePercent="0" minLevel="85" maxLevel="0" minBirthday="0" maxBirthday="0" restrictionDay="0" availableCount="0" >
		<item itemId="22934" count="1" /> <!-- Entrance Pass: Kartia's Labyrinth Lv. 95 Solo-->
		<item itemId="23805" count="2" /> <!-- Hero Coin-->
	</item>
	<item id="1011103" cat="2" paymentType="0" price="79" panelType="0" recommended="0" startSale="315558000" endSale="2127452400" dayOfWeek="127" startHour="0" startMinute="0" stopHour="23" stopMinute="59" stock="-1" maxStock="-1" salePercent="0" minLevel="85" maxLevel="0" minBirthday="0" maxBirthday="0" restrictionDay="0" availableCount="0" >
		<item itemId="22935" count="1" /> <!-- Entrance Pass: Kartia's Labyrinth Lv. 85 Party-->
		<item itemId="23805" count="1" /> <!-- Hero Coin-->
	</item>
	<item id="1011104" cat="2" paymentType="0" price="119" panelType="0" recommended="0" startSale="315558000" endSale="2127452400" dayOfWeek="127" startHour="0" startMinute="0" stopHour="23" stopMinute="59" stock="-1" maxStock="-1" salePercent="0" minLevel="85" maxLevel="0" minBirthday="0" maxBirthday="0" restrictionDay="0" availableCount="0" >
		<item itemId="22936" count="1" /> <!-- Entrance Pass: Kartia's Labyrinth Lv. 90 Party-->
		<item itemId="23805" count="2" /> <!-- Hero Coin-->
	</item>
	<item id="1011106" cat="2" paymentType="0" price="79" panelType="0" recommended="0" startSale="315558000" endSale="2127452400" dayOfWeek="127" startHour="0" startMinute="0" stopHour="23" stopMinute="59" stock="0" maxStock="-1" salePercent="0" minLevel="0" maxLevel="0" minBirthday="0" maxBirthday="0" restrictionDay="0" availableCount="0" >
		<item itemId="21037" count="100" /> <!-- Warrior's Quick CP Potion-->
		<item itemId="23805" count="1" /> <!-- Hero Coin-->
	</item>
	<item id="1011107" cat="2" paymentType="0" price="119" panelType="0" recommended="0" startSale="315558000" endSale="2127452400" dayOfWeek="127" startHour="0" startMinute="0" stopHour="23" stopMinute="59" stock="0" maxStock="-1" salePercent="0" minLevel="85" maxLevel="0" minBirthday="0" maxBirthday="0" restrictionDay="0" availableCount="0" >
		<item itemId="23805" count="2" /> <!-- Hero Coin-->
		<item itemId="36275" count="1" /> <!-- Entrance Pass: Istina (Normal)-->
	</item>
	<item id="1011108" cat="2" paymentType="0" price="79" panelType="0" recommended="0" startSale="315558000" endSale="2127452400" dayOfWeek="127" startHour="0" startMinute="0" stopHour="23" stopMinute="59" stock="0" maxStock="-1" salePercent="0" minLevel="85" maxLevel="0" minBirthday="0" maxBirthday="0" restrictionDay="0" availableCount="0" >
		<item itemId="23805" count="1" /> <!-- Hero Coin-->
		<item itemId="36273" count="1" /> <!-- Entrance Pass: Fortuna-->
	</item>
	<item id="1011109" cat="2" paymentType="0" price="119" panelType="0" recommended="0" startSale="315558000" endSale="2127452400" dayOfWeek="127" startHour="0" startMinute="0" stopHour="23" stopMinute="59" stock="-1" maxStock="-1" salePercent="0" minLevel="85" maxLevel="0" minBirthday="0" maxBirthday="0" restrictionDay="0" availableCount="0" >
		<item itemId="23805" count="2" /> <!-- Hero Coin-->
		<item itemId="36274" count="1" /> <!-- Entrance Pass: Nornil's Garden-->
	</item>
	<item id="1011110" cat="2" paymentType="0" price="119" panelType="0" recommended="0" startSale="315558000" endSale="2127452400" dayOfWeek="127" startHour="0" startMinute="0" stopHour="23" stopMinute="59" stock="-1" maxStock="-1" salePercent="0" minLevel="85" maxLevel="0" minBirthday="0" maxBirthday="0" restrictionDay="0" availableCount="0" >
		<item itemId="23805" count="2" /> <!-- Hero Coin-->
		<item itemId="36272" count="1" /> <!-- Entrance Pass: Spezion (Epic)-->
	</item>
	<item id="1011111" cat="2" paymentType="0" price="79" panelType="0" recommended="0" startSale="315558000" endSale="2127452400" dayOfWeek="127" startHour="0" startMinute="0" stopHour="23" stopMinute="59" stock="0" maxStock="-1" salePercent="0" minLevel="85" maxLevel="0" minBirthday="0" maxBirthday="0" restrictionDay="0" availableCount="0" >
		<item itemId="23805" count="1" /> <!-- Hero Coin-->
		<item itemId="36271" count="1" /> <!-- Entrance Pass: Spezion (Normal)-->
	</item>
	<item id="1011112" cat="2" paymentType="0" price="119" panelType="0" recommended="0" startSale="315558000" endSale="2127452400" dayOfWeek="127" startHour="0" startMinute="0" stopHour="23" stopMinute="59" stock="-1" maxStock="-1" salePercent="0" minLevel="85" maxLevel="0" minBirthday="0" maxBirthday="0" restrictionDay="0" availableCount="0" >
		<item itemId="23805" count="2" /> <!-- Hero Coin-->
		<item itemId="36276" count="1" /> <!-- Entrance Pass: Octavis (Normal)-->
	</item>
	<item id="1011113" cat="2" paymentType="0" price="119" panelType="0" recommended="0" startSale="315558000" endSale="2127452400" dayOfWeek="127" startHour="0" startMinute="0" stopHour="23" stopMinute="59" stock="0" maxStock="-1" salePercent="0" minLevel="85" maxLevel="0" minBirthday="0" maxBirthday="0" restrictionDay="0" availableCount="0" >
		<item itemId="23805" count="2" /> <!-- Hero Coin-->
		<item itemId="36277" count="1" /> <!-- Entrance Pass: Baylor-->
	</item>
	<item id="1011115" cat="2" paymentType="0" price="239" panelType="0" recommended="0" startSale="315558000" endSale="2127452400" dayOfWeek="127" startHour="0" startMinute="0" stopHour="23" stopMinute="59" stock="0" maxStock="-1" salePercent="0" minLevel="85" maxLevel="0" minBirthday="0" maxBirthday="0" restrictionDay="0" availableCount="0" >
		<item itemId="23805" count="3" /> <!-- Hero Coin-->
		<item itemId="38159" count="1" /> <!-- Entrance Pass: Fantasy Fishing Dock (1-hour)-->
	</item>
	<item id="1011116" cat="2" paymentType="0" price="239" panelType="0" recommended="0" startSale="315558000" endSale="2127452400" dayOfWeek="127" startHour="0" startMinute="0" stopHour="23" stopMinute="59" stock="-1" maxStock="-1" salePercent="0" minLevel="85" maxLevel="0" minBirthday="0" maxBirthday="0" restrictionDay="0" availableCount="0" >
		<item itemId="23805" count="3" /> <!-- Hero Coin-->
		<item itemId="37867" count="1" /> <!-- Valiant Scroll-->
	</item>
	<item id="1011117" cat="2" paymentType="0" price="1600" panelType="0" recommended="0" startSale="315558000" endSale="2127452400" dayOfWeek="127" startHour="0" startMinute="0" stopHour="23" stopMinute="59" stock="0" maxStock="-1" salePercent="0" minLevel="85" maxLevel="0" minBirthday="0" maxBirthday="0" restrictionDay="0" availableCount="0" >
		<item itemId="23805" count="22" /> <!-- Hero Coin-->
		<item itemId="38572" count="1" /> <!-- Apparition Stone (Lv. 88)-->
	</item>
	<item id="1011118" cat="2" paymentType="0" price="2000" panelType="0" recommended="0" startSale="315558000" endSale="2127452400" dayOfWeek="127" startHour="0" startMinute="0" stopHour="23" stopMinute="59" stock="0" maxStock="-1" salePercent="0" minLevel="85" maxLevel="0" minBirthday="0" maxBirthday="0" restrictionDay="0" availableCount="0" >
		<item itemId="23805" count="28" /> <!-- Hero Coin-->
		<item itemId="38573" count="1" /> <!-- Apparition Stone (Lv. 93)-->
	</item>
	<item id="1011119" cat="2" paymentType="0" price="4000" panelType="0" recommended="0" startSale="315558000" endSale="2127452400" dayOfWeek="127" startHour="0" startMinute="0" stopHour="23" stopMinute="59" stock="0" maxStock="-1" salePercent="0" minLevel="85" maxLevel="0" minBirthday="0" maxBirthday="0" restrictionDay="0" availableCount="0" >
		<item itemId="23805" count="55" /> <!-- Hero Coin-->
		<item itemId="38574" count="1" /> <!-- Apparition Stone (Lv. 98)-->
	</item>
	<item id="1011120" cat="7" paymentType="2" price="1" panelType="0" recommended="0" startSale="315558000" endSale="2127452400" dayOfWeek="127" startHour="0" startMinute="0" stopHour="23" stopMinute="59" stock="-1" maxStock="-1" salePercent="0" minLevel="85" maxLevel="0" minBirthday="0" maxBirthday="0" restrictionDay="0" availableCount="0" >
		<item itemId="1538" count="1" /> <!-- Blessed Scroll of Escape-->
	</item>
	<item id="1011121" cat="7" paymentType="2" price="2" panelType="0" recommended="0" startSale="315558000" endSale="2127452400" dayOfWeek="127" startHour="0" startMinute="0" stopHour="23" stopMinute="59" stock="0" maxStock="-1" salePercent="0" minLevel="85" maxLevel="0" minBirthday="0" maxBirthday="0" restrictionDay="0" availableCount="0" >
		<item itemId="22204" count="1" /> <!-- Attribute Stone Pack - Event-->
	</item>
	<item id="1011122" cat="7" paymentType="2" price="2" panelType="0" recommended="0" startSale="315558000" endSale="2127452400" dayOfWeek="127" startHour="0" startMinute="0" stopHour="23" stopMinute="59" stock="-1" maxStock="-1" salePercent="0" minLevel="85" maxLevel="0" minBirthday="0" maxBirthday="0" restrictionDay="0" availableCount="0" >
		<item itemId="37612" count="2" /> <!-- Ingredient Box - Western Winds-->
	</item>
	<item id="1011123" cat="7" paymentType="2" price="2" panelType="0" recommended="0" startSale="315558000" endSale="2127452400" dayOfWeek="127" startHour="0" startMinute="0" stopHour="23" stopMinute="59" stock="-1" maxStock="-1" salePercent="0" minLevel="0" maxLevel="0" minBirthday="0" maxBirthday="0" restrictionDay="0" availableCount="0" >
		<item itemId="22888" count="2500" /> <!-- Mysterious Soulshot (R-grade)-->
	</item>
	<item id="1011124" cat="7" paymentType="2" price="2" panelType="0" recommended="0" startSale="315558000" endSale="2127452400" dayOfWeek="127" startHour="0" startMinute="0" stopHour="23" stopMinute="59" stock="-1" maxStock="-1" salePercent="0" minLevel="0" maxLevel="0" minBirthday="0" maxBirthday="0" restrictionDay="0" availableCount="0" >
		<item itemId="22889" count="1000" /> <!-- Mysterious Blessed Spiritshot (R-grade)-->
	</item>
	<item id="1011125" cat="7" paymentType="2" price="3" panelType="0" recommended="0" startSale="315558000" endSale="2127452400" dayOfWeek="127" startHour="0" startMinute="0" stopHour="23" stopMinute="59" stock="-1" maxStock="-1" salePercent="0" minLevel="85" maxLevel="0" minBirthday="0" maxBirthday="0" restrictionDay="0" availableCount="0" >
		<item itemId="37607" count="1" /> <!-- Treasure Chest - Western Winds-->
	</item>
	<item id="1011126" cat="7" paymentType="2" price="4" panelType="0" recommended="0" startSale="315558000" endSale="2127452400" dayOfWeek="127" startHour="0" startMinute="0" stopHour="23" stopMinute="59" stock="0" maxStock="-1" salePercent="0" minLevel="85" maxLevel="0" minBirthday="0" maxBirthday="0" restrictionDay="0" availableCount="0" >
		<item itemId="37671" count="2" /> <!-- Heavenly Recovery Potion-->
	</item>
	<item id="1011128" cat="7" paymentType="2" price="5" panelType="0" recommended="0" startSale="315558000" endSale="2127452400" dayOfWeek="127" startHour="0" startMinute="0" stopHour="23" stopMinute="59" stock="-1" maxStock="-1" salePercent="0" minLevel="85" maxLevel="0" minBirthday="0" maxBirthday="0" restrictionDay="0" availableCount="0" >
		<item itemId="3936" count="1" /> <!-- Blessed Scroll of Resurrection-->
	</item>
	<item id="1011131" cat="7" paymentType="2" price="8" panelType="0" recommended="0" startSale="315558000" endSale="2127452400" dayOfWeek="127" startHour="0" startMinute="0" stopHour="23" stopMinute="59" stock="-1" maxStock="-1" salePercent="0" minLevel="85" maxLevel="0" minBirthday="0" maxBirthday="0" restrictionDay="0" availableCount="0" >
		<item itemId="21619" count="10" /> <!-- Rune of Feather Pack (24-hour)-->
	</item>
	<item id="1011132" cat="7" paymentType="2" price="10" panelType="0" recommended="0" startSale="315558000" endSale="2127452400" dayOfWeek="127" startHour="0" startMinute="0" stopHour="23" stopMinute="59" stock="-1" maxStock="-1" salePercent="0" minLevel="0" maxLevel="0" minBirthday="0" maxBirthday="0" restrictionDay="0" availableCount="0" >
		<item itemId="37660" count="1" /> <!-- Magmeld's Instrument-->
	</item>
	<item id="1011133" cat="7" paymentType="2" price="10" panelType="0" recommended="0" startSale="315558000" endSale="2127452400" dayOfWeek="127" startHour="0" startMinute="0" stopHour="23" stopMinute="59" stock="0" maxStock="-1" salePercent="0" minLevel="85" maxLevel="0" minBirthday="0" maxBirthday="0" restrictionDay="0" availableCount="0" >
		<item itemId="36002" count="1" /> <!-- Heavenly CP Cookie-->
	</item>
	<item id="1011134" cat="7" paymentType="2" price="10" panelType="0" recommended="0" startSale="315558000" endSale="2127452400" dayOfWeek="127" startHour="0" startMinute="0" stopHour="23" stopMinute="59" stock="-1" maxStock="-1" salePercent="0" minLevel="85" maxLevel="0" minBirthday="0" maxBirthday="0" restrictionDay="0" availableCount="0" >
		<item itemId="34082" count="1" /> <!-- Heavenly Cocktail-->
	</item>
	<item id="1011136" cat="7" paymentType="2" price="20" panelType="0" recommended="0" startSale="315558000" endSale="2127452400" dayOfWeek="127" startHour="0" startMinute="0" stopHour="23" stopMinute="59" stock="-1" maxStock="-1" salePercent="0" minLevel="85" maxLevel="0" minBirthday="0" maxBirthday="0" restrictionDay="-1" availableCount="1" >
		<item itemId="37622" count="1" /> <!-- Kaliel's Energy Box - Western Winds-->
	</item>
	<item id="1011138" cat="7" paymentType="2" price="30" panelType="0" recommended="0" startSale="315558000" endSale="2127452400" dayOfWeek="127" startHour="0" startMinute="0" stopHour="23" stopMinute="59" stock="-1" maxStock="-1" salePercent="0" minLevel="85" maxLevel="0" minBirthday="0" maxBirthday="0" restrictionDay="0" availableCount="0" >
		<item itemId="35563" count="1" /> <!-- Giant's Energy-->
	</item>
	<item id="1011139" cat="7" paymentType="2" price="30" panelType="0" recommended="0" startSale="315558000" endSale="2127452400" dayOfWeek="127" startHour="0" startMinute="0" stopHour="23" stopMinute="59" stock="-1" maxStock="-1" salePercent="0" minLevel="0" maxLevel="0" minBirthday="0" maxBirthday="0" restrictionDay="0" availableCount="0" >
		<item itemId="35562" count="1" /> <!-- Energy of Destruction-->
	</item>
	<item id="1011140" cat="7" paymentType="2" price="50" panelType="0" recommended="0" startSale="315558000" endSale="2127452400" dayOfWeek="127" startHour="0" startMinute="0" stopHour="23" stopMinute="59" stock="0" maxStock="-1" salePercent="0" minLevel="85" maxLevel="0" minBirthday="0" maxBirthday="0" restrictionDay="0" availableCount="0" >
		<item itemId="35742" count="1" /> <!-- Scroll: Reputation (Low-grade) - Event-->
	</item>
	<item id="1011141" cat="7" paymentType="2" price="50" panelType="0" recommended="0" startSale="315558000" endSale="2127452400" dayOfWeek="127" startHour="0" startMinute="0" stopHour="23" stopMinute="59" stock="0" maxStock="-1" salePercent="0" minLevel="85" maxLevel="0" minBirthday="0" maxBirthday="0" restrictionDay="0" availableCount="0" >
		<item itemId="35741" count="1" /> <!-- Scroll: PK (Low-grade) - Event-->
	</item>
	<item id="1011142" cat="7" paymentType="2" price="75" panelType="0" recommended="0" startSale="315558000" endSale="2127452400" dayOfWeek="127" startHour="0" startMinute="0" stopHour="23" stopMinute="59" stock="-1" maxStock="-1" salePercent="0" minLevel="85" maxLevel="0" minBirthday="0" maxBirthday="0" restrictionDay="0" availableCount="0" >
		<item itemId="36979" count="1" /> <!-- Life Stone: Hair Accessory-->
	</item>
	<item id="1011143" cat="7" paymentType="2" price="100" panelType="0" recommended="0" startSale="315558000" endSale="2127452400" dayOfWeek="127" startHour="0" startMinute="0" stopHour="23" stopMinute="59" stock="-1" maxStock="-1" salePercent="0" minLevel="85" maxLevel="0" minBirthday="0" maxBirthday="0" restrictionDay="-1" availableCount="1" >
		<item itemId="37609" count="1" /> <!-- Pendant Pack - Western Winds-->
	</item>
	<item id="1011144" cat="7" paymentType="2" price="125" panelType="0" recommended="0" startSale="315558000" endSale="2127452400" dayOfWeek="127" startHour="0" startMinute="0" stopHour="23" stopMinute="59" stock="0" maxStock="-1" salePercent="0" minLevel="85" maxLevel="0" minBirthday="0" maxBirthday="0" restrictionDay="0" availableCount="0" >
		<item itemId="36155" count="1" /> <!-- Enhanced Kaliel's Attribute Stone Pack-->
	</item>
	<item id="1011145" cat="7" paymentType="2" price="125" panelType="0" recommended="0" startSale="315558000" endSale="2127452400" dayOfWeek="127" startHour="0" startMinute="0" stopHour="23" stopMinute="59" stock="0" maxStock="-1" salePercent="0" minLevel="85" maxLevel="0" minBirthday="0" maxBirthday="0" restrictionDay="0" availableCount="0" >
		<item itemId="35749" count="1" /> <!-- Weapon Attribute Change Crystal (R-grade) - Event-->
	</item>
	<item id="1011146" cat="7" paymentType="2" price="150" panelType="0" recommended="0" startSale="315558000" endSale="2127452400" dayOfWeek="127" startHour="0" startMinute="0" stopHour="23" stopMinute="59" stock="0" maxStock="-1" salePercent="0" minLevel="85" maxLevel="0" minBirthday="0" maxBirthday="0" restrictionDay="0" availableCount="0" >
		<item itemId="36978" count="1" /> <!-- Scroll: Enchant Hair Accessory-->
	</item>
	<item id="1011147" cat="7" paymentType="2" price="150" panelType="0" recommended="0" startSale="315558000" endSale="2127452400" dayOfWeek="127" startHour="0" startMinute="0" stopHour="23" stopMinute="59" stock="0" maxStock="-1" salePercent="0" minLevel="85" maxLevel="0" minBirthday="0" maxBirthday="0" restrictionDay="0" availableCount="0" >
		<item itemId="38583" count="1" /> <!-- Emperor's Dessert Set (Defense Type)-->
	</item>
	<item id="1011148" cat="7" paymentType="2" price="150" panelType="0" recommended="0" startSale="315558000" endSale="2127452400" dayOfWeek="127" startHour="0" startMinute="0" stopHour="23" stopMinute="59" stock="0" maxStock="-1" salePercent="0" minLevel="85" maxLevel="0" minBirthday="0" maxBirthday="0" restrictionDay="0" availableCount="0" >
		<item itemId="38582" count="1" /> <!-- Emperor's Dessert Set (Magic Type)-->
	</item>
	<item id="1011149" cat="7" paymentType="2" price="150" panelType="0" recommended="0" startSale="315558000" endSale="2127452400" dayOfWeek="127" startHour="0" startMinute="0" stopHour="23" stopMinute="59" stock="0" maxStock="-1" salePercent="0" minLevel="85" maxLevel="0" minBirthday="0" maxBirthday="0" restrictionDay="0" availableCount="0" >
		<item itemId="38581" count="1" /> <!-- Emperor's Dessert Set (Attack Type)-->
	</item>
	<item id="1011151" cat="7" paymentType="2" price="175" panelType="0" recommended="0" startSale="315558000" endSale="2127452400" dayOfWeek="127" startHour="0" startMinute="0" stopHour="23" stopMinute="59" stock="0" maxStock="-1" salePercent="0" minLevel="0" maxLevel="0" minBirthday="0" maxBirthday="0" restrictionDay="0" availableCount="0" >
		<item itemId="20948" count="1" /> <!-- Agathion - Phoenix Pack (7-day) - Nirvana Rebirth-->
	</item>
	<item id="1011152" cat="7" paymentType="2" price="200" panelType="0" recommended="0" startSale="315558000" endSale="2127452400" dayOfWeek="127" startHour="0" startMinute="0" stopHour="23" stopMinute="59" stock="0" maxStock="-1" salePercent="0" minLevel="85" maxLevel="0" minBirthday="0" maxBirthday="0" restrictionDay="0" availableCount="0" >
		<item itemId="37613" count="1" /> <!-- Hero's Treasure Chest - Western Winds-->
	</item>
	<item id="1011153" cat="7" paymentType="2" price="250" panelType="0" recommended="0" startSale="315558000" endSale="2127452400" dayOfWeek="127" startHour="0" startMinute="0" stopHour="23" stopMinute="59" stock="0" maxStock="-1" salePercent="0" minLevel="85" maxLevel="0" minBirthday="0" maxBirthday="0" restrictionDay="0" availableCount="0" >
		<item itemId="20588" count="1" /> <!-- Agathion - Weaver Pack (24-hour) - Power of the Golden Calf-->
		<item itemId="20597" count="3" /> <!-- Girl's Soulstone-->
	</item>
	<item id="1011154" cat="7" paymentType="2" price="250" panelType="0" recommended="0" startSale="315558000" endSale="2127452400" dayOfWeek="127" startHour="0" startMinute="0" stopHour="23" stopMinute="59" stock="0" maxStock="-1" salePercent="0" minLevel="85" maxLevel="0" minBirthday="0" maxBirthday="0" restrictionDay="0" availableCount="0" >
		<item itemId="20597" count="3" /> <!-- Girl's Soulstone-->
		<item itemId="20619" count="1" /> <!-- Agathion - Weaver Pack (24-hour) - Flute Sound-->
	</item>
	<item id="1011156" cat="7" paymentType="2" price="400" panelType="0" recommended="0" startSale="315558000" endSale="2127452400" dayOfWeek="127" startHour="0" startMinute="0" stopHour="23" stopMinute="59" stock="0" maxStock="-1" salePercent="0" minLevel="0" maxLevel="0" minBirthday="0" maxBirthday="0" restrictionDay="0" availableCount="0" >
		<item itemId="23774" count="1" /> <!-- Improved Lucky Enchant Stone: Weapon (R-grade)-->
	</item>
	<item id="1011159" cat="7" paymentType="2" price="500" panelType="0" recommended="0" startSale="315558000" endSale="2127452400" dayOfWeek="127" startHour="0" startMinute="0" stopHour="23" stopMinute="59" stock="0" maxStock="-1" salePercent="0" minLevel="85" maxLevel="0" minBirthday="0" maxBirthday="0" restrictionDay="0" availableCount="0" >
		<item itemId="22202" count="1" /> <!-- Weapon Pack (S80-grade) - Event-->
	</item>
	<item id="1011160" cat="7" paymentType="2" price="500" panelType="0" recommended="0" startSale="315558000" endSale="2127452400" dayOfWeek="127" startHour="0" startMinute="0" stopHour="23" stopMinute="59" stock="0" maxStock="-1" salePercent="0" minLevel="85" maxLevel="0" minBirthday="0" maxBirthday="0" restrictionDay="0" availableCount="0" >
		<item itemId="34953" count="1" /> <!-- Lv. 5 Giant Dye Pack - Event-->
	</item>
	<item id="1011161" cat="7" paymentType="2" price="750" panelType="0" recommended="0" startSale="315558000" endSale="2127452400" dayOfWeek="127" startHour="0" startMinute="0" stopHour="23" stopMinute="59" stock="-1" maxStock="-1" salePercent="0" minLevel="0" maxLevel="0" minBirthday="0" maxBirthday="0" restrictionDay="0" availableCount="0" >
		<item itemId="23786" count="1" /> <!-- Lesser Giant's Lucky Enchant Stone: Armor (R-grade)-->
	</item>
	<item id="1011162" cat="7" paymentType="2" price="750" panelType="0" recommended="0" startSale="315558000" endSale="2127452400" dayOfWeek="127" startHour="0" startMinute="0" stopHour="23" stopMinute="59" stock="0" maxStock="-1" salePercent="0" minLevel="85" maxLevel="0" minBirthday="0" maxBirthday="0" restrictionDay="0" availableCount="0" >
		<item itemId="35569" count="1" /> <!-- Bloody Eternal Enhancement Stone-->
	</item>
	<item id="1011163" cat="7" paymentType="2" price="1000" panelType="0" recommended="0" startSale="315558000" endSale="2127452400" dayOfWeek="127" startHour="0" startMinute="0" stopHour="23" stopMinute="59" stock="0" maxStock="-1" salePercent="0" minLevel="85" maxLevel="0" minBirthday="0" maxBirthday="0" restrictionDay="0" availableCount="0" >
		<item itemId="34955" count="1" /> <!-- Lv. 5 Ancient Dye Pack - Event-->
	</item>
	<item id="1011164" cat="7" paymentType="2" price="1250" panelType="0" recommended="0" startSale="315558000" endSale="2127452400" dayOfWeek="127" startHour="0" startMinute="0" stopHour="23" stopMinute="59" stock="0" maxStock="-1" salePercent="0" minLevel="85" maxLevel="0" minBirthday="0" maxBirthday="0" restrictionDay="0" availableCount="0" >
		<item itemId="36156" count="1" /> <!-- Enhanced Kaliel's Attribute Crystal Pack-->
	</item>
	<item id="1011167" cat="7" paymentType="2" price="1500" panelType="0" recommended="0" startSale="315558000" endSale="2127452400" dayOfWeek="127" startHour="0" startMinute="0" stopHour="23" stopMinute="59" stock="0" maxStock="-1" salePercent="0" minLevel="0" maxLevel="0" minBirthday="0" maxBirthday="0" restrictionDay="0" availableCount="0" >
		<item itemId="22188" count="1" /> <!-- Birthday Vitality Potion-->
	</item>
	<item id="1011170" cat="7" paymentType="2" price="2500" panelType="0" recommended="0" startSale="315558000" endSale="2127452400" dayOfWeek="127" startHour="0" startMinute="0" stopHour="23" stopMinute="59" stock="0" maxStock="-1" salePercent="0" minLevel="0" maxLevel="0" minBirthday="0" maxBirthday="0" restrictionDay="0" availableCount="0" >
		<item itemId="23785" count="1" /> <!-- Lesser Giant's Lucky Enchant Stone: Weapon (R-grade)-->
	</item>
	<item id="1011171" cat="7" paymentType="2" price="3000" panelType="0" recommended="0" startSale="315558000" endSale="2127452400" dayOfWeek="127" startHour="0" startMinute="0" stopHour="23" stopMinute="59" stock="0" maxStock="-1" salePercent="0" minLevel="85" maxLevel="0" minBirthday="0" maxBirthday="0" restrictionDay="-1" availableCount="1" >
		<item itemId="39345" count="1" /> <!-- Amaranthine Weapon Pack-->
	</item>
	<item id="1011173" cat="7" paymentType="2" price="10000" panelType="0" recommended="0" startSale="315558000" endSale="2127452400" dayOfWeek="127" startHour="0" startMinute="0" stopHour="23" stopMinute="59" stock="0" maxStock="-1" salePercent="0" minLevel="85" maxLevel="0" minBirthday="0" maxBirthday="0" restrictionDay="0" availableCount="0" >
		<item itemId="34775" count="1" /> <!-- Scroll of Blessing (R2-grade) - Event-->
	</item>
	<item id="1011174" cat="7" paymentType="2" price="10000" panelType="0" recommended="0" startSale="315558000" endSale="2127452400" dayOfWeek="127" startHour="0" startMinute="0" stopHour="23" stopMinute="59" stock="0" maxStock="-1" salePercent="0" minLevel="85" maxLevel="0" minBirthday="0" maxBirthday="0" restrictionDay="0" availableCount="0" >
		<item itemId="35568" count="1" /> <!-- Bloody Amaranthine Enhancement Stone-->
	</item>
	<item id="1011185" cat="7" paymentType="2" price="1" panelType="0" recommended="0" startSale="315558000" endSale="2127452400" dayOfWeek="127" startHour="0" startMinute="0" stopHour="23" stopMinute="59" stock="-1" maxStock="-1" salePercent="0" minLevel="85" maxLevel="0" minBirthday="0" maxBirthday="0" restrictionDay="-1" availableCount="1" >
		<item itemId="35664" count="2" /> <!-- Scroll: 10,000 Individual Fame-->
	</item>
	<item id="1011186" cat="7" paymentType="2" price="10" panelType="0" recommended="0" startSale="315558000" endSale="2127452400" dayOfWeek="127" startHour="0" startMinute="0" stopHour="23" stopMinute="59" stock="-1" maxStock="-1" salePercent="0" minLevel="85" maxLevel="0" minBirthday="0" maxBirthday="0" restrictionDay="-1" availableCount="1" >
		<item itemId="30275" count="1" /> <!-- Scroll: 1,000,000 SP-->
	</item>
	<item id="1011187" cat="7" paymentType="2" price="15" panelType="0" recommended="0" startSale="315558000" endSale="2127452400" dayOfWeek="127" startHour="0" startMinute="0" stopHour="23" stopMinute="59" stock="0" maxStock="-1" salePercent="0" minLevel="85" maxLevel="0" minBirthday="0" maxBirthday="0" restrictionDay="0" availableCount="0" >
		<item itemId="18563" count="1" /> <!-- Life Stone (R-grade)-->
	</item>
	<item id="1011188" cat="7" paymentType="2" price="25" panelType="0" recommended="0" startSale="315558000" endSale="2127452400" dayOfWeek="127" startHour="0" startMinute="0" stopHour="23" stopMinute="59" stock="0" maxStock="-1" salePercent="0" minLevel="85" maxLevel="0" minBirthday="0" maxBirthday="0" restrictionDay="0" availableCount="0" >
		<item itemId="22205" count="1" /> <!-- Attribute Crystal Pack - Event-->
	</item>
	<item id="1011189" cat="7" paymentType="2" price="50" panelType="0" recommended="0" startSale="315558000" endSale="2127452400" dayOfWeek="127" startHour="0" startMinute="0" stopHour="23" stopMinute="59" stock="-1" maxStock="-1" salePercent="0" minLevel="85" maxLevel="0" minBirthday="0" maxBirthday="0" restrictionDay="0" availableCount="0" >
		<item itemId="10649" count="1" /> <!-- Feather of Blessing-->
	</item>
	<item id="1011190" cat="7" paymentType="2" price="200" panelType="0" recommended="0" startSale="315558000" endSale="2127452400" dayOfWeek="127" startHour="0" startMinute="0" stopHour="23" stopMinute="59" stock="0" maxStock="-1" salePercent="0" minLevel="0" maxLevel="0" minBirthday="0" maxBirthday="0" restrictionDay="-1" availableCount="1" >
		<item itemId="36405" count="1" /> <!-- Rare Accessory Pack (Expiratory) - Event-->
	</item>
	<item id="1011191" cat="7" paymentType="2" price="500" panelType="0" recommended="0" startSale="315558000" endSale="2127452400" dayOfWeek="127" startHour="0" startMinute="0" stopHour="23" stopMinute="59" stock="0" maxStock="-1" salePercent="0" minLevel="85" maxLevel="0" minBirthday="0" maxBirthday="0" restrictionDay="-1" availableCount="1" >
		<item itemId="37566" count="1" /> <!-- Blessed Lucky Enchant Stone: Weapon (R-grade)-->
	</item>
	<item id="1011192" cat="7" paymentType="2" price="500" panelType="0" recommended="0" startSale="315558000" endSale="2127452400" dayOfWeek="127" startHour="0" startMinute="0" stopHour="23" stopMinute="59" stock="0" maxStock="-1" salePercent="0" minLevel="85" maxLevel="0" minBirthday="0" maxBirthday="0" restrictionDay="0" availableCount="0" >
		<item itemId="39341" count="1" /> <!-- Elegia Armor Pack-->
	</item>
	<item id="1011193" cat="7" paymentType="2" price="500" panelType="0" recommended="0" startSale="315558000" endSale="2127452400" dayOfWeek="127" startHour="0" startMinute="0" stopHour="23" stopMinute="59" stock="0" maxStock="-1" salePercent="0" minLevel="85" maxLevel="0" minBirthday="0" maxBirthday="0" restrictionDay="0" availableCount="0" >
		<item itemId="37567" count="1" /> <!-- Blessed Lucky Enchant Stone: Armor (R-grade)-->
	</item>
	<item id="1011194" cat="7" paymentType="2" price="1000" panelType="0" recommended="0" startSale="315558000" endSale="2127452400" dayOfWeek="127" startHour="0" startMinute="0" stopHour="23" stopMinute="59" stock="-1" maxStock="-1" salePercent="0" minLevel="0" maxLevel="0" minBirthday="0" maxBirthday="0" restrictionDay="-1" availableCount="1" >
		<item itemId="22427" count="1" /> <!-- Divine Scroll: Enchant Weapon (R-grade)-->
	</item>
	<item id="1011195" cat="7" paymentType="2" price="2000" panelType="0" recommended="0" startSale="315558000" endSale="2127452400" dayOfWeek="127" startHour="0" startMinute="0" stopHour="23" stopMinute="59" stock="0" maxStock="-1" salePercent="0" minLevel="85" maxLevel="0" minBirthday="0" maxBirthday="0" restrictionDay="0" availableCount="0" >
		<item itemId="37566" count="1" /> <!-- Blessed Lucky Enchant Stone: Weapon (R-grade)-->
	</item>
	<item id="1011196" cat="7" paymentType="2" price="1750" panelType="0" recommended="0" startSale="315558000" endSale="2127452400" dayOfWeek="127" startHour="0" startMinute="0" stopHour="23" stopMinute="59" stock="0" maxStock="-1" salePercent="0" minLevel="85" maxLevel="0" minBirthday="0" maxBirthday="0" restrictionDay="0" availableCount="0" >
		<item itemId="34774" count="1" /> <!-- Scroll of Blessing (R1-grade) - Event-->
	</item>
	<item id="1011197" cat="7" paymentType="2" price="5000" panelType="0" recommended="0" startSale="315558000" endSale="2127452400" dayOfWeek="127" startHour="0" startMinute="0" stopHour="23" stopMinute="59" stock="0" maxStock="-1" salePercent="0" minLevel="0" maxLevel="0" minBirthday="0" maxBirthday="0" restrictionDay="0" availableCount="0" >
		<item itemId="37666" count="1" /> <!-- Rare Accessory Pack-->
	</item>
	<item id="1011198" cat="7" paymentType="2" price="6500" panelType="0" recommended="0" startSale="315558000" endSale="2127452400" dayOfWeek="127" startHour="0" startMinute="0" stopHour="23" stopMinute="59" stock="0" maxStock="-1" salePercent="0" minLevel="85" maxLevel="0" minBirthday="0" maxBirthday="0" restrictionDay="0" availableCount="0" >
		<item itemId="35567" count="1" /> <!-- Dark Eternal Enhancement Stone-->
	</item>
	<item id="1011207" cat="7" paymentType="2" price="1500" panelType="0" recommended="0" startSale="315558000" endSale="2127452400" dayOfWeek="127" startHour="0" startMinute="0" stopHour="23" stopMinute="59" stock="0" maxStock="-1" salePercent="0" minLevel="85" maxLevel="0" minBirthday="0" maxBirthday="0" restrictionDay="0" availableCount="0" >
		<item itemId="34954" count="1" /> <!-- Lv. 5 Legendary Dye Pack - Event-->
	</item>
	<item id="1011208" cat="2" paymentType="0" price="80" panelType="0" recommended="0" startSale="315558000" endSale="2127452400" dayOfWeek="127" startHour="0" startMinute="0" stopHour="23" stopMinute="59" stock="0" maxStock="-1" salePercent="0" minLevel="0" maxLevel="0" minBirthday="0" maxBirthday="0" restrictionDay="0" availableCount="0" >
		<item itemId="22577" count="1" /> <!-- Mysterious Blessed Spiritshot Large Pack (S-grade)-->
		<item itemId="23805" count="1" /> <!-- Hero Coin-->
	</item>
	<item id="1011209" cat="2" paymentType="0" price="199" panelType="0" recommended="0" startSale="315558000" endSale="2127452400" dayOfWeek="127" startHour="0" startMinute="0" stopHour="23" stopMinute="59" stock="-1" maxStock="-1" salePercent="0" minLevel="85" maxLevel="0" minBirthday="0" maxBirthday="0" restrictionDay="0" availableCount="0" >
		<item itemId="22937" count="1" /> <!-- Entrance Pass: Kartia's Labyrinth Lv. 95 Party-->
		<item itemId="23805" count="3" /> <!-- Hero Coin-->
	</item>
	<item id="1011211" cat="7" paymentType="2" price="8" panelType="0" recommended="0" startSale="315558000" endSale="2127452400" dayOfWeek="127" startHour="0" startMinute="0" stopHour="23" stopMinute="59" stock="-1" maxStock="-1" salePercent="0" minLevel="85" maxLevel="0" minBirthday="0" maxBirthday="0" restrictionDay="0" availableCount="0" >
		<item itemId="38105" count="200" /> <!-- Superior CP Potion-->
	</item>
	<item id="1011249" cat="7" paymentType="2" price="100500" panelType="0" recommended="0" startSale="315558000" endSale="2127452400" dayOfWeek="127" startHour="0" startMinute="0" stopHour="23" stopMinute="59" stock="0" maxStock="-1" salePercent="0" minLevel="85" maxLevel="0" minBirthday="0" maxBirthday="0" restrictionDay="0" availableCount="0" >
		<item itemId="36147" count="1" /> <!-- Dark Amaranthine Weapon Pack-->
	</item>
	<item id="1011250" cat="7" paymentType="2" price="87500" panelType="0" recommended="0" startSale="315558000" endSale="2127452400" dayOfWeek="127" startHour="0" startMinute="0" stopHour="23" stopMinute="59" stock="0" maxStock="-1" salePercent="0" minLevel="85" maxLevel="0" minBirthday="0" maxBirthday="0" restrictionDay="0" availableCount="0" >
		<item itemId="37717" count="1" /> <!-- Talisman - Seven Signs-->
	</item>
	<item id="1011251" cat="7" paymentType="2" price="71750" panelType="0" recommended="0" startSale="315558000" endSale="2127452400" dayOfWeek="127" startHour="0" startMinute="0" stopHour="23" stopMinute="59" stock="0" maxStock="-1" salePercent="0" minLevel="85" maxLevel="0" minBirthday="0" maxBirthday="0" restrictionDay="0" availableCount="0" >
		<item itemId="35564" count="1" /> <!-- Ruler's Authority-->
	</item>
	<item id="1011252" cat="7" paymentType="2" price="45000" panelType="0" recommended="0" startSale="315558000" endSale="2127452400" dayOfWeek="127" startHour="0" startMinute="0" stopHour="23" stopMinute="59" stock="0" maxStock="-1" salePercent="0" minLevel="85" maxLevel="0" minBirthday="0" maxBirthday="0" restrictionDay="0" availableCount="0" >
		<item itemId="35649" count="1" /> <!-- Sealed Talisman - Longing-->
	</item>
	<item id="1011253" cat="7" paymentType="2" price="45000" panelType="0" recommended="0" startSale="315558000" endSale="2127452400" dayOfWeek="127" startHour="0" startMinute="0" stopHour="23" stopMinute="59" stock="0" maxStock="-1" salePercent="0" minLevel="85" maxLevel="0" minBirthday="0" maxBirthday="0" restrictionDay="0" availableCount="0" >
		<item itemId="36146" count="1" /> <!-- Bloody Amaranthine Weapon Pack-->
	</item>
	<item id="1011254" cat="7" paymentType="2" price="30000" panelType="0" recommended="0" startSale="315558000" endSale="2127452400" dayOfWeek="127" startHour="0" startMinute="0" stopHour="23" stopMinute="59" stock="0" maxStock="-1" salePercent="0" minLevel="85" maxLevel="0" minBirthday="0" maxBirthday="0" restrictionDay="0" availableCount="0" >
		<item itemId="34777" count="1" /> <!-- Scroll of Blessing (R99-grade) - Event-->
	</item>
	<item id="1011255" cat="7" paymentType="2" price="24000" panelType="0" recommended="0" startSale="315558000" endSale="2127452400" dayOfWeek="127" startHour="0" startMinute="0" stopHour="23" stopMinute="59" stock="0" maxStock="-1" salePercent="0" minLevel="85" maxLevel="0" minBirthday="0" maxBirthday="0" restrictionDay="0" availableCount="0" >
		<item itemId="23860" count="1" /> <!-- Raid Boss' Soul Pack-->
	</item>
	<item id="1011256" cat="7" paymentType="2" price="20250" panelType="0" recommended="0" startSale="315558000" endSale="2127452400" dayOfWeek="127" startHour="0" startMinute="0" stopHour="23" stopMinute="59" stock="0" maxStock="-1" salePercent="0" minLevel="85" maxLevel="0" minBirthday="0" maxBirthday="0" restrictionDay="0" availableCount="0" >
		<item itemId="37623" count="1" /> <!-- Soul Bottle Pack - Western Winds-->
	</item>
	<item id="1011257" cat="7" paymentType="2" price="17875" panelType="0" recommended="0" startSale="315558000" endSale="2127452400" dayOfWeek="127" startHour="0" startMinute="0" stopHour="23" stopMinute="59" stock="0" maxStock="-1" salePercent="0" minLevel="85" maxLevel="0" minBirthday="0" maxBirthday="0" restrictionDay="0" availableCount="0" >
		<item itemId="35566" count="1" /> <!-- Dark Amaranthine Enhancement Stone-->
	</item>
	<item id="1011258" cat="7" paymentType="2" price="12500" panelType="0" recommended="0" startSale="315558000" endSale="2127452400" dayOfWeek="127" startHour="0" startMinute="0" stopHour="23" stopMinute="59" stock="0" maxStock="-1" salePercent="0" minLevel="85" maxLevel="0" minBirthday="0" maxBirthday="0" restrictionDay="0" availableCount="0" >
		<item itemId="34776" count="1" /> <!-- Scroll of Blessing (R95-grade) - Event-->
	</item>
	<item id="1011315" cat="6" paymentType="0" price="160" panelType="3" recommended="1" startSale="315558000" endSale="2127452400" dayOfWeek="127" startHour="0" startMinute="0" stopHour="23" stopMinute="59" stock="-1" maxStock="-1" salePercent="0" minLevel="0" maxLevel="0" minBirthday="0" maxBirthday="0" restrictionDay="0" availableCount="0" >
		<item itemId="23728" count="1" /> <!-- Erupting Vitality XP Potion-->
		<item itemId="23805" count="2" /> <!-- Hero Coin-->
	</item>
	<item id="1011334" cat="2" paymentType="0" price="80" panelType="3" recommended="0" startSale="315558000" endSale="2127452400" dayOfWeek="127" startHour="0" startMinute="0" stopHour="23" stopMinute="59" stock="0" maxStock="-1" salePercent="0" minLevel="0" maxLevel="0" minBirthday="0" maxBirthday="0" restrictionDay="0" availableCount="0" >
		<item itemId="23805" count="1" /> <!-- Hero Coin-->
		<item itemId="23985" count="1" /> <!-- Extra Pass: Ancient Kartia's Labyrinth-->
	</item>
	<item id="1011341" cat="4" paymentType="0" price="320" panelType="1" recommended="1" startSale="315558000" endSale="2127452400" dayOfWeek="127" startHour="0" startMinute="0" stopHour="23" stopMinute="59" stock="-1" maxStock="-1" salePercent="0" minLevel="0" maxLevel="0" minBirthday="0" maxBirthday="0" restrictionDay="0" availableCount="0" >
		<item itemId="22883" count="1" /> <!-- Scroll: Replenish Vitality-->
		<item itemId="22966" count="1" /> <!-- Vitality Maintaining Potion (1-hour)-->
		<item itemId="23728" count="1" /> <!-- Erupting Vitality XP Potion-->
		<item itemId="23805" count="5" /> <!-- Hero Coin-->
	</item>
	<item id="1011342" cat="4" paymentType="0" price="2000" panelType="1" recommended="1" startSale="315558000" endSale="2127452400" dayOfWeek="127" startHour="0" startMinute="0" stopHour="23" stopMinute="59" stock="-1" maxStock="-1" salePercent="0" minLevel="0" maxLevel="0" minBirthday="0" maxBirthday="0" restrictionDay="0" availableCount="0" >
		<item itemId="22885" count="2" /> <!-- Scroll: Replenish Vitality (Top-grade)-->
		<item itemId="22966" count="5" /> <!-- Vitality Maintaining Potion (1-hour)-->
		<item itemId="23728" count="5" /> <!-- Erupting Vitality XP Potion-->
		<item itemId="23805" count="30" /> <!-- Hero Coin-->
	</item>
</list>