<?xml version="1.0" encoding="UTF-8"?>
<list xmlns:xsi="http://www.w3.org/2001/XMLSchema-instance" xsi:noNamespaceSchemaLocation="../xsd/buylist.xsd">
	<npcs>
		<npc>30063</npc> <!-- Lars -->
	</npcs>
	<item id="1835" /> <!-- Soulshot (No-grade) -->
	<item id="2509" /> <!-- Spiritshot (No-grade) -->
	<item id="1463" /> <!-- Soulshot (D-grade) -->
	<item id="1464" /> <!-- Soulshot (C-grade) -->
	<item id="1465" /> <!-- Soulshot (B-grade) -->
	<item id="1466" /> <!-- Soulshot (A-grade) -->
	<item id="3947" /> <!-- Blessed Spiritshot (No-grade) -->
	<item id="3948" /> <!-- Blessed Spiritshot (D-grade) -->
	<item id="3949" /> <!-- Blessed Spiritshot (C-grade) -->
	<item id="3950" /> <!-- Blessed Spiritshot (B-grade) -->
	<item id="3951" /> <!-- Blessed Spiritshot (A-grade) -->
	<item id="5146" /> <!-- Blessed Spiritshot Compressed Package (No-grade) -->
	<item id="5140" /> <!-- Spiritshot Compressed Package (No-grade) -->
	<item id="5134" /> <!-- Soulshot Compressed Package (No-grade) -->
	<item id="5262" /> <!-- Greater Blessed Spiritshot Compressed Package (No-grade) -->
	<item id="5256" /> <!-- Greater Spiritshot Compressed Package (No-grade) -->
	<item id="5250" /> <!-- Greater Soulshot Compressed Package (No-grade) -->
	<item id="17" /> <!-- Wooden Arrow -->
	<item id="1341" /> <!-- Bone Arrow -->
	<item id="1342" /> <!-- Steel Arrow -->
	<item id="1343" /> <!-- Silver Arrow -->
	<item id="1344" /> <!-- Mithril Arrow -->
	<item id="1345" /> <!-- Arrow of Light -->
	<item id="18550" /> <!-- Orichalcum Arrow -->
	<item id="1060" /> <!-- Healing Potion -->
	<item id="1061" /> <!-- Major Healing Potion -->
	<item id="1539" /> <!-- Major Healing Potion -->
	<item id="1540" /> <!-- Quick Healing Potion -->
	<item id="1831" /> <!-- Antidote -->
	<item id="1832" /> <!-- Greater Antidote -->
	<item id="1833" /> <!-- Bandage -->
	<item id="1834" /> <!-- Emergency Dressing -->
	<item id="734" /> <!-- Wind Walk Potion -->
	<item id="735" /> <!-- Haste Potion -->
	<item id="6035" /> <!-- Magic Haste Potion -->
	<item id="6037" /> <!-- Scroll: Cancel Sleep -->
	<item id="736" /> <!-- Scroll of Escape -->
	<item id="737" /> <!-- Scroll of Resurrection -->
	<item id="1829" /> <!-- Scroll of Escape: Clan Hall -->
	<item id="1830" /> <!-- Scroll of Escape: Castle -->
	<item id="3031" /> <!-- Spirit Ore -->
	<item id="1785" /> <!-- Soulstone -->
	<item id="5589" /> <!-- Momentum Stone -->
	<item id="1661" /> <!-- Thief Key -->
	<item id="5192" /> <!-- Magic Rope (D-grade) -->
	<item id="5193" /> <!-- Magic Rope (C-grade) -->
	<item id="5194" /> <!-- Magic Rope (B-grade) -->
	<item id="5195" /> <!-- Magic Rope (A-grade) -->
	<item id="5196" /> <!-- Magic Rope (S-grade) -->
	<item id="34837" /> <!-- Magic Rope (R-grade) -->
	<item id="34994" /> <!-- Gemstone -->
	<item id="2130" /> <!-- Gemstone (D-grade) -->
	<item id="2131" /> <!-- Gemstone (C-grade) -->
	<item id="2132" /> <!-- Gemstone (B-grade) -->
	<item id="4679" /> <!-- Eva's Blessing -->
	<item id="9633" /> <!-- Bone Bolt -->
	<item id="9634" /> <!-- Steel Bolt -->
	<item id="9635" /> <!-- Silver Bolt -->
	<item id="9636" /> <!-- Mithril Bolt -->
	<item id="9637" /> <!-- Bolt of Light -->
	<item id="19443" /> <!-- Orichalcum Bolt -->
	<item id="8622" /> <!-- Elixir of Life (No-grade) -->
	<item id="8623" /> <!-- Elixir of Life (D-grade) -->
	<item id="8624" /> <!-- Elixir of Life (C-grade) -->
	<item id="8634" /> <!-- Elixir of CP (No-grade) -->
	<item id="8635" /> <!-- Elixir of CP (D-grade) -->
	<item id="8636" /> <!-- Elixir of CP (C-grade) -->
	<item id="8637" /> <!-- Elixir of CP (B-grade) -->
	<item id="8638" /> <!-- Elixir of CP (A-grade) -->
	<item id="8639" /> <!-- Elixir of CP (S-grade) -->
	<item id="8615" /> <!-- Summoning Crystal -->
	<item id="8658" /> <!-- Mysterious Solvent -->
	<item id="8871" /> <!-- Strategy Guide -->
	<item id="10409" /> <!-- A Bottle of Souls -->
	<item id="4625" /> <!-- Dice (Heart) -->
	<item id="4626" /> <!-- Dice (Spade) -->
	<item id="4627" /> <!-- Dice (Clover) -->
	<item id="4628" /> <!-- Dice (Diamond) -->
	<item id="8872" /> <!-- Flash Gunpowder -->
	<item id="8629" /> <!-- Elixir of Mind (D-grade) -->
	<item id="19315" /> <!-- Crafting Solvent -->
	<item id="32249" /> <!-- Infinite Wooden Quiver -->
	<item id="32250" /> <!-- Infinite Bone Quiver -->
	<item id="32251" /> <!-- Infinite Steel Quiver -->
	<item id="32252" /> <!-- Infinite Silver Quiver -->
	<item id="32253" /> <!-- Infinite Mithril Quiver -->
	<item id="32254" /> <!-- Infinite Quiver of Light -->
	<item id="32255" /> <!-- Infinite Orichalcum Quiver -->
	<item id="32257" /> <!-- Infinite Bone Bolt Container -->
	<item id="32258" /> <!-- Infinite Steel Bolt Container -->
	<item id="32259" /> <!-- Infinite Silver Bolt Container -->
	<item id="32260" /> <!-- Infinite Mithril Bolt Container -->
	<item id="32261" /> <!-- Infinite Light Bolt Container -->
	<item id="32262" /> <!-- Infinite Orichalcum Bolt Container -->
	<item id="21746" /> <!-- Maestro's Key -->
	<item id="5126" /> <!-- Dual Weapon Crafting Stamp -->
	<item id="30408" /> <!-- Dual Weapon Crafting Stamp (R-grade) -->
	<item id="36598" /> <!-- Scroll: Restore Equipment (R-grade) -->
	<item id="36599" /> <!-- Scroll: Restore Equipment (S-grade) -->
	<item id="36600" /> <!-- Scroll: Restore Equipment (A-grade) -->
	<item id="36601" /> <!-- Scroll: Restore Equipment (B-grade) -->
	<item id="36602" /> <!-- Scroll: Restore Equipment (C-grade) -->
	<item id="36603" /> <!-- Scroll: Restore Equipment (D-grade) -->
	<item id="37493" /> <!-- Hair Accessory Restoration Stone -->
	<item id="32256" /> <!-- Infinite Wooden Bolt Container -->
</list>