<?xml version="1.0" encoding="UTF-8"?>
<list xmlns:xsi="http://www.w3.org/2001/XMLSchema-instance" xsi:noNamespaceSchemaLocation="../xsd/buylist.xsd">
	<npcs>
		<npc>30084</npc> <!-- Graham -->
	</npcs>
	<item id="2" /> <!-- Long Sword -->
	<item id="218" /> <!-- Throwing Knife -->
	<item id="272" /> <!-- Forest Bow -->
	<item id="15" /> <!-- Short Spear -->
	<item id="256" /> <!-- Cestus -->
	<item id="68" /> <!-- Falchion -->
	<item id="219" /> <!-- Sword Breaker -->
	<item id="273" /> <!-- Compound Bow -->
	<item id="155" /> <!-- Flanged Mace -->
	<item id="87" /> <!-- Iron Hammer -->
	<item id="16" /> <!-- Great Spear -->
	<item id="257" /> <!-- Viper Fang -->
	<item id="5284" /> <!-- Zweihander -->
	<item id="123" /> <!-- Saber -->
	<item id="7880" /> <!-- Steel Sword -->
	<item id="220" /> <!-- Crafted Dagger -->
	<item id="221" /> <!-- Assassin Knife -->
	<item id="274" /> <!-- Reinforced Bow -->
	<item id="156" /> <!-- Hand Axe -->
	<item id="166" /> <!-- Heavy Mace -->
	<item id="168" /> <!-- Work Hammer -->
	<item id="291" /> <!-- Trident -->
	<item id="258" /> <!-- Bagh-Nakh -->
	<item id="5285" /> <!-- Heavy Sword -->
	<item id="69" /> <!-- Bastard Sword -->
	<item id="126" /> <!-- Artisan's Sword -->
	<item id="222" /> <!-- Poniard Dagger -->
	<item id="275" /> <!-- Longbow -->
	<item id="276" /> <!-- Elven Bow -->
	<item id="277" /> <!-- Dark Elven Bow -->
	<item id="86" /> <!-- Tomahawk -->
	<item id="292" /> <!-- Pike -->
	<item id="295" /> <!-- Dwarven Trident -->
	<item id="259" /> <!-- Single-Edged Jamadhr -->
	<item id="124" /> <!-- Two-handed Sword -->
	<item id="127" /> <!-- Crimson Sword -->
	<item id="130" /> <!-- Elven Sword -->
	<item id="223" /> <!-- Kukuri -->
	<item id="278" /> <!-- Gastraphetes -->
	<item id="157" /> <!-- Spiked Club -->
	<item id="293" /> <!-- War Hammer -->
	<item id="296" /> <!-- Dwarven Pike -->
	<item id="260" /> <!-- Triple-Edged Jamadhr -->
	<item id="129" /> <!-- Sword of Revolution -->
	<item id="224" /> <!-- Maingauche -->
	<item id="1660" /> <!-- Cursed Maingauche -->
	<item id="279" /> <!-- Reinforced Longbow -->
	<item id="158" /> <!-- Tarbar -->
	<item id="7881" /> <!-- Lesser Giant's Sword -->
	<item id="7896" /> <!-- Lesser Giant's Hammer -->
	<item id="172" /> <!-- Heavy Bone Club -->
	<item id="294" /> <!-- War Pick -->
	<item id="88" /> <!-- Morning Star -->
	<item id="93" /> <!-- Winged Spear -->
	<item id="261" /> <!-- Bich'Hwa -->
	<item id="70" /> <!-- Claymore -->
	<item id="159" /> <!-- Bonebreaker -->
	<item id="225" /> <!-- Mithril Dagger -->
	<item id="262" /> <!-- Scallop Jamadhr -->
	<item id="280" /> <!-- Light Crossbow -->
	<item id="297" /> <!-- Glaive -->
	<item id="2499" /> <!-- Elven Long Sword -->
	<item id="232" /> <!-- Dark Elven Dagger -->
	<item id="263" /> <!-- Chakram -->
	<item id="281" /> <!-- Crystallized Ice Bow -->
	<item id="298" /> <!-- Orcish Glaive -->
	<item id="302" /> <!-- Body Slasher -->
	<item id="73" /> <!-- Shamshir -->
	<item id="74" /> <!-- Katana -->
	<item id="131" /> <!-- Spirit Sword -->
	<item id="133" /> <!-- Raid Sword -->
	<item id="227" /> <!-- Stiletto -->
	<item id="2502" /> <!-- Dwarven War Hammer -->
	<item id="94" /> <!-- Bec de Corbin -->
	<item id="282" /> <!-- Elemental Bow -->
	<item id="285" /> <!-- Noble Elven Bow -->
	<item id="4233" /> <!-- Knuckle Duster -->
	<item id="75" /> <!-- Caliburs -->
	<item id="76" /> <!-- Sword of Delusion -->
	<item id="77" /> <!-- Tsurugi -->
	<item id="132" /> <!-- Ultimate Sword -->
	<item id="134" /> <!-- Sword of Nightmare -->
	<item id="162" /> <!-- War Axe -->
	<item id="231" /> <!-- Grace Dagger -->
	<item id="233" /> <!-- Dark Screamer -->
	<item id="95" /> <!-- Poleaxe -->
	<item id="265" /> <!-- Fisted Blade -->
	<item id="283" /> <!-- Akat Longbow -->
	<item id="7882" /> <!-- Pa'agrian Sword -->
	<item id="7898" /> <!-- Karik Horn -->
	<item id="301" /> <!-- Scorpion -->
	<item id="303" /> <!-- Widow Maker -->
	<item id="135" /> <!-- Samurai Long Sword -->
	<item id="228" /> <!-- Crystal Dagger -->
	<item id="2503" /> <!-- Yaksa Mace -->
	<item id="266" /> <!-- Great Pata -->
	<item id="286" /> <!-- Eminence Bow -->
	<item id="299" /> <!-- Orcish Poleaxe -->
	<item id="5286" /> <!-- Berserker Blade -->
	<item id="7897" /> <!-- Dwarven Hammer -->
</list>