<?xml version="1.0" encoding="UTF-8"?>
<list xmlns:xsi="http://www.w3.org/2001/XMLSchema-instance" xsi:noNamespaceSchemaLocation="../xsd/buylist.xsd">
	<npcs>
		<npc>30087</npc> <!-- Peta -->
	</npcs>
	<item id="9577" /> <!-- Cotton Shirt -->
	<item id="1104" /> <!-- Stockings of Devotion -->
	<item id="1101" /> <!-- Tunic of Devotion -->
	<item id="102" /> <!-- Round Shield -->
	<item id="50" /> <!-- Leather Gloves -->
	<item id="38" /> <!-- Low Boots -->
	<item id="44" /> <!-- Leather Helmet -->
	<item id="9583" /> <!-- Striped Cotton Shirt -->
	<item id="1105" /> <!-- Stockings of Magic -->
	<item id="1102" /> <!-- Tunic of Magic -->
	<item id="625" /> <!-- Bone Shield -->
	<item id="51" /> <!-- Bracer -->
	<item id="39" /> <!-- Boots -->
	<item id="1148" /> <!-- Durable Leather Helmet -->
	<item id="465" /> <!-- Cursed Stockings -->
	<item id="432" /> <!-- Cursed Tunic -->
	<item id="626" /> <!-- Bronze Shield -->
	<item id="604" /> <!-- Quality Leather Gloves -->
	<item id="40" /> <!-- Leather Boots -->
	<item id="45" /> <!-- Bone Helmet -->
	<item id="467" /> <!-- Dark Stockings -->
	<item id="434" /> <!-- White Tunic -->
	<item id="468" /> <!-- Wizard Stockings -->
	<item id="435" /> <!-- Wizard Tunic -->
	<item id="627" /> <!-- Aspis -->
	<item id="605" /> <!-- Leather Gauntlets -->
	<item id="1123" /> <!-- Blue Buckskin Boots -->
	<item id="46" /> <!-- Bronze Helmet -->
	<item id="469" /> <!-- Stockings of Knowledge -->
	<item id="436" /> <!-- Tunic of Knowledge -->
	<item id="628" /> <!-- Hoplon -->
	<item id="63" /> <!-- Gauntlets -->
	<item id="2447" /> <!-- Gloves of Knowledge -->
	<item id="553" /> <!-- Iron Boots -->
	<item id="2423" /> <!-- Boots of Knowledge -->
	<item id="47" /> <!-- Helmet -->
	<item id="9578" /> <!-- Linen Shirt -->
	<item id="470" /> <!-- Mithril Stockings -->
	<item id="437" /> <!-- Mithril Tunic -->
	<item id="629" /> <!-- Kite Shield -->
	<item id="2493" /> <!-- Brigandine Shield -->
	<item id="606" /> <!-- Rip Gauntlets -->
	<item id="2450" /> <!-- Elven Mithril Gloves -->
	<item id="1124" /> <!-- Boots of Strength -->
	<item id="2426" /> <!-- Elven Mithril Boots -->
	<item id="2411" /> <!-- Brigandine Helmet -->
	<item id="9584" /> <!-- Striped Linen Shirt -->
	<item id="438" /> <!-- Sage's Rags -->
	<item id="630" /> <!-- Square Shield -->
	<item id="2494" /> <!-- Plate Shield -->
	<item id="61" /> <!-- Mithril Gloves -->
	<item id="607" /> <!-- Ogre Power Gauntlets -->
	<item id="2451" /> <!-- Sage's Worn Gloves -->
	<item id="1125" /> <!-- Assault Boots -->
	<item id="2427" /> <!-- Salamander Skin Boots -->
	<item id="2428" /> <!-- Plate Boots -->
	<item id="2412" /> <!-- Plate Helmet -->
	<item id="439" /> <!-- Karmian Tunic -->
	<item id="471" /> <!-- Karmian Stockings -->
	<item id="2430" /> <!-- Karmian Boots -->
	<item id="2454" /> <!-- Karmian Gloves -->
	<item id="440" /> <!-- Robe of Seal -->
	<item id="2459" /> <!-- Demon's Gloves -->
	<item id="2435" /> <!-- Demon's Boots -->
	<item id="472" /> <!-- Demon's Stockings -->
	<item id="441" /> <!-- Demon's Tunic -->
	<item id="2463" /> <!-- Divine Gloves -->
	<item id="473" /> <!-- Divine Stockings -->
	<item id="442" /> <!-- Divine Tunic -->
</list>