<?xml version="1.0" encoding="UTF-8"?>
<list xmlns:xsi="http://www.w3.org/2001/XMLSchema-instance" xsi:noNamespaceSchemaLocation="../xsd/buylist.xsd">
	<npcs>
		<npc>30093</npc> <!-- Groot -->
	</npcs>
	<item id="4445" /> <!-- STR Dye (STR + 1 CON - 3) -->
	<item id="4446" /> <!-- STR Dye (STR + 1 DEX - 3) -->
	<item id="4447" /> <!-- CON Dye (Con + 1 Str - 3) -->
	<item id="4448" /> <!-- CON Dye (Con + 1 DEX - 3) -->
	<item id="4449" /> <!-- DEX Dye (Dex + 1 Str - 3) -->
	<item id="4450" /> <!-- DEX Dye (Dex + 1 CON - 3) -->
	<item id="4451" /> <!-- INT Dye (Int + 1 Men - 3) -->
	<item id="4452" /> <!-- INT Dye (Int + 1 Wit - 3) -->
	<item id="4453" /> <!-- MEN Dye (Men + 1 Int - 3) -->
	<item id="4454" /> <!-- MEN Dye (Men + 1 Wit - 3) -->
	<item id="4455" /> <!-- WIT Dye (Wit + 1 Int - 3) -->
	<item id="4456" /> <!-- WIT Dye (Wit + 1 Men - 3) -->
	<item id="4457" /> <!-- STR Dye (STR + 1 CON - 2) -->
	<item id="4458" /> <!-- STR Dye (STR + 1 DEX - 2) -->
	<item id="4459" /> <!-- CON Dye (Con + 1 Str - 2) -->
	<item id="4460" /> <!-- CON Dye (Con + 1 DEX - 2) -->
	<item id="4461" /> <!-- DEX Dye (Dex + 1 Str - 2) -->
	<item id="4462" /> <!-- DEX Dye (Dex + 1 CON - 2) -->
	<item id="4463" /> <!-- INT Dye (Int + 1 Men - 2) -->
	<item id="4464" /> <!-- INT Dye (Int + 1 Wit - 2) -->
	<item id="4465" /> <!-- MEN Dye (Men + 1 Int - 2) -->
	<item id="4466" /> <!-- MEN Dye (Men + 1 Wit - 2) -->
	<item id="4467" /> <!-- WIT Dye (Wit + 1 Int - 2) -->
	<item id="4468" /> <!-- WIT Dye (Wit + 1 Men - 2) -->
	<item id="4481" /> <!-- Greater STR Dye (STR + 1 CON - 3) -->
	<item id="4482" /> <!-- Greater STR Dye (STR + 1 DEX - 3) -->
	<item id="4483" /> <!-- Greater CON Dye(Con + 1 Str - 3) -->
	<item id="4484" /> <!-- Greater CON Dye(Con + 1 DEX - 3) -->
	<item id="4485" /> <!-- Greater DEX Dye (Dex + 1 Str - 3) -->
	<item id="4486" /> <!-- Greater DEX Dye (Dex + 1 CON - 3) -->
	<item id="4487" /> <!-- Greater INT Dye (Int + 1 Men - 3) -->
	<item id="4488" /> <!-- Greater INT Dye (Int + 1 Wit - 3) -->
	<item id="4489" /> <!-- Greater MEN Dye (Men + 1 Int - 3) -->
	<item id="4490" /> <!-- Greater MEN Dye (Men + 1 Wit - 3) -->
	<item id="4491" /> <!-- Greater WIT Dye (Wit + 1 Int - 3) -->
	<item id="4492" /> <!-- Greater WIT Dye (Wit + 1 Men - 3) -->
	<item id="4493" /> <!-- Greater STR Dye (STR + 1 CON - 2) -->
	<item id="4494" /> <!-- Greater STR Dye (STR + 1 DEX - 2) -->
	<item id="4495" /> <!-- Greater CON Dye (Con + 1 Str - 2) -->
	<item id="4496" /> <!-- Greater CON Dye (Con + 1 DEX - 2) -->
	<item id="4497" /> <!-- Greater DEX Dye (Dex + 1 Str - 2) -->
	<item id="4498" /> <!-- Greater DEX Dye (Dex + 1 CON - 2) -->
	<item id="4499" /> <!-- Greater INT Dye (Int + 1 Men - 2) -->
	<item id="4500" /> <!-- Greater INT Dye (Int + 1 Wit - 2) -->
	<item id="4501" /> <!-- Greater MEN Dye (Men + 1 Int - 2) -->
	<item id="4502" /> <!-- Greater MEN Dye (Men + 1 Wit - 2) -->
	<item id="4503" /> <!-- Greater WIT Dye (Wit + 1 Int - 2) -->
	<item id="4504" /> <!-- Greater WIT Dye (Wit + 1 Men - 2) -->
	<item id="4505" /> <!-- Greater STR Dye (STR + 2 CON - 4) -->
	<item id="4506" /> <!-- Greater STR Dye (STR + 2 DEX - 4) -->
	<item id="4507" /> <!-- Greater CON Dye (Con + 2 Str - 4) -->
	<item id="4508" /> <!-- Greater CON Dye (Con + 2 DEX - 4) -->
	<item id="4509" /> <!-- Greater DEX Dye (Dex + 2 Str - 4) -->
	<item id="4510" /> <!-- Greater DEX Dye (Dex + 2 CON - 4) -->
	<item id="4511" /> <!-- Greater INT Dye (Int + 2 Men - 4) -->
	<item id="4512" /> <!-- Greater INT Dye (Int + 2 Wit - 4) -->
	<item id="4513" /> <!-- Greater MEN Dye (Men + 2 Int - 4) -->
	<item id="4514" /> <!-- Greater MEN Dye (Men + 2 Wit - 4) -->
	<item id="4515" /> <!-- Greater WIT Dye (Wit + 2 Int - 4) -->
	<item id="4516" /> <!-- Greater WIT Dye (Wit + 2 Men - 4) -->
	<item id="4517" /> <!-- Greater STR Dye (STR + 2 CON - 3) -->
	<item id="4518" /> <!-- Greater STR Dye (STR + 2 DEX - 3) -->
	<item id="4519" /> <!-- Greater CON Dye (Con + 2 Str - 3) -->
	<item id="4520" /> <!-- Greater CON Dye (Con + 2 DEX - 3) -->
	<item id="4521" /> <!-- Greater DEX Dye (Dex + 2 Str - 3) -->
	<item id="4522" /> <!-- Greater DEX Dye (Dex + 2 CON - 3) -->
	<item id="4523" /> <!-- Greater INT Dye (Int + 2 Men - 3) -->
	<item id="4524" /> <!-- Greater INT Dye (Int + 2 Wit - 3) -->
	<item id="4525" /> <!-- Greater MEN Dye (Men + 2 Int - 3) -->
	<item id="4526" /> <!-- Greater MEN Dye (Men + 2 Wit - 3) -->
	<item id="4527" /> <!-- Greater WIT Dye (Wit + 2 Int - 3) -->
	<item id="4528" /> <!-- Greater WIT Dye (Wit + 2 Men - 3) -->
	<item id="4529" /> <!-- Greater STR Dye (STR + 3 CON - 5) -->
	<item id="4530" /> <!-- Greater STR Dye (STR + 3 DEX - 5) -->
	<item id="4531" /> <!-- Greater CON Dye (Con + 3 Str - 5) -->
	<item id="4532" /> <!-- Greater CON Dye (Con + 3 DEX - 5) -->
	<item id="4533" /> <!-- Greater DEX Dye (Dex + 3 Str - 5) -->
	<item id="4534" /> <!-- Greater DEX Dye (Dex + 3 CON - 5) -->
	<item id="4535" /> <!-- Greater INT Dye (Int + 3 Men - 5) -->
	<item id="4536" /> <!-- Greater INT Dye (Int + 3 Wit - 5) -->
	<item id="4537" /> <!-- Greater MEN Dye (Men + 3 Int - 5) -->
	<item id="4538" /> <!-- Greater MEN Dye (Men + 3 Wit - 5) -->
	<item id="4539" /> <!-- Greater WIT Dye (Wit + 3 Int - 5) -->
	<item id="4540" /> <!-- Greater WIT Dye (Wit + 3 Men - 5) -->
	<item id="4541" /> <!-- Greater STR Dye (STR + 3 CON - 4) -->
	<item id="4542" /> <!-- Greater STR Dye (STR + 3 DEX - 4) -->
	<item id="4543" /> <!-- Greater CON Dye (Con + 3 Str - 4) -->
	<item id="4544" /> <!-- Greater CON Dye (Con + 3 DEX - 4) -->
	<item id="4545" /> <!-- Greater DEX Dye (Dex + 3 Str - 4) -->
	<item id="4546" /> <!-- Greater DEX Dye (Dex + 3 CON - 4) -->
	<item id="4547" /> <!-- Greater INT Dye (Int + 3 Men - 4) -->
	<item id="4548" /> <!-- Greater INT Dye (Int + 3 Wit - 4) -->
	<item id="4549" /> <!-- Greater MEN Dye (Men + 3 Int - 4) -->
	<item id="4550" /> <!-- Greater MEN Dye (Men + 3 Wit - 4) -->
	<item id="4551" /> <!-- Greater WIT Dye (Wit + 3 Int - 4) -->
	<item id="4552" /> <!-- Greater WIT Dye (Wit + 3 Men - 4) -->
	<item id="4565" /> <!-- Greater STR Dye (STR + 4 CON - 6) -->
	<item id="4566" /> <!-- Greater STR Dye (STR + 4 DEX - 6) -->
	<item id="4567" /> <!-- Greater CON Dye (Con + 4 Str - 6) -->
	<item id="4568" /> <!-- Greater CON Dye (Con + 4 DEX - 6) -->
	<item id="4569" /> <!-- Greater DEX Dye (Dex + 4 Str - 6) -->
	<item id="4570" /> <!-- Greater DEX Dye (Dex + 4 CON - 6) -->
	<item id="4571" /> <!-- Greater INT Dye (Int + 4 Men - 6) -->
	<item id="4572" /> <!-- Greater INT Dye (Int + 4 Wit - 6) -->
	<item id="4573" /> <!-- Greater MEN Dye (Men + 4 Int - 6) -->
	<item id="4574" /> <!-- Greater MEN Dye (Men + 4 Wit - 6) -->
	<item id="4575" /> <!-- Greater WIT Dye (Wit + 4 Int - 6) -->
	<item id="4576" /> <!-- Greater WIT Dye (Wit + 4 Men - 6) -->
	<item id="4577" /> <!-- Greater STR Dye (STR + 4 CON - 5) -->
	<item id="4578" /> <!-- Greater STR Dye (STR + 4 DEX - 5) -->
	<item id="4579" /> <!-- Greater CON Dye (Con + 4 Str - 5) -->
	<item id="4580" /> <!-- Greater CON Dye (Con + 4 DEX - 5) -->
	<item id="4581" /> <!-- Greater DEX Dye (Dex + 4 Str - 5) -->
	<item id="4582" /> <!-- Greater DEX Dye (Dex + 4 CON - 5) -->
	<item id="4583" /> <!-- Greater INT Dye (Int + 4 Men - 5) -->
	<item id="4584" /> <!-- Greater INT Dye (Int + 4 Wit - 5) -->
	<item id="4585" /> <!-- Greater MEN Dye (Men + 4 Int - 5) -->
	<item id="4586" /> <!-- Greater MEN Dye (Men + 4 Wit - 5) -->
	<item id="4587" /> <!-- Greater WIT Dye (Wit + 4 Int - 5) -->
	<item id="4588" /> <!-- Greater WIT Dye (Wit + 4 Men - 5) -->
</list>