<?xml version="1.0" encoding="UTF-8"?>
<list xmlns:xsi="http://www.w3.org/2001/XMLSchema-instance" xsi:noNamespaceSchemaLocation="../xsd/buylist.xsd">
	<npcs>
		<npc>30230</npc> <!-- Edroc -->
	</npcs>
	<item id="12011" /> <!-- Common Item - Cursed Stockings -->
	<item id="12010" /> <!-- Common Item - Cursed Tunic -->
	<item id="12017" /> <!-- Common Item - Dark Stockings -->
	<item id="12022" /> <!-- Common Item - White Tunic -->
	<item id="12019" /> <!-- Common Item - Mystic's Stockings -->
	<item id="12018" /> <!-- Common Item - Mystic's Tunic -->
	<item id="12048" /> <!-- Common Item - Stockings of Knowledge -->
	<item id="12047" /> <!-- Common Item - Tunic of Knowledge -->
	<item id="12013" /> <!-- Common Item - Bronze Shield -->
	<item id="12025" /> <!-- Common Item - Aspis -->
	<item id="12007" /> <!-- Common Item - Crafted Leather Gloves -->
	<item id="12016" /> <!-- Common Item - Leather Gauntlet -->
	<item id="12006" /> <!-- Common Item - Leather Boots -->
	<item id="12029" /> <!-- Common Item - Blue Buckskin Boots -->
	<item id="12009" /> <!-- Common Item - Bone Helmet -->
	<item id="12028" /> <!-- Common Item - Bronze Helmet -->
</list>
