<?xml version="1.0" encoding="UTF-8"?>
<list xmlns:xsi="http://www.w3.org/2001/XMLSchema-instance" xsi:noNamespaceSchemaLocation="../xsd/buylist.xsd">
	<npcs>
		<npc>30301</npc> <!-- Hally -->
	</npcs>
	<item id="4445" /> <!-- Dye of STR (Str+1 Con-3) -->
	<item id="4446" /> <!-- Dye of STR (Str+1 Dex-3) -->
	<item id="4447" /> <!-- Dye of CON (Con+1 Str-3) -->
	<item id="4448" /> <!-- Dye of CON (Con+1 Dex-3) -->
	<item id="4449" /> <!-- Dye of DEX (Dex+1 Str-3) -->
	<item id="4450" /> <!-- Dye of DEX (Dex+1 Con-3) -->
	<item id="4451" /> <!-- Dye of INT (Int+1 Men-3) -->
	<item id="4452" /> <!-- Dye of INT (Int+1 Wit-3) -->
	<item id="4453" /> <!-- Dye of MEN (Men+1 Int-3) -->
	<item id="4454" /> <!-- Dye of MEN (Men+1 Wit-3) -->
	<item id="4455" /> <!-- Dye of WIT (Wit+1 Int-3) -->
	<item id="4456" /> <!-- Dye of WIT (Wit+1 Men-3) -->
	<item id="4457" /> <!-- Dye of STR (Str+1 Con-2) -->
	<item id="4458" /> <!-- Dye of STR (Str+1 Dex-2) -->
	<item id="4459" /> <!-- Dye of CON (Con+1 Str-2) -->
	<item id="4460" /> <!-- Dye of CON (Con+1 Dex-2) -->
	<item id="4461" /> <!-- Dye of DEX (Dex+1 Str-2) -->
	<item id="4462" /> <!-- Dye of DEX (Dex+1 Con-2) -->
	<item id="4463" /> <!-- Dye of INT (Int+1 Men-2) -->
	<item id="4464" /> <!-- Dye of INT (Int+1 Wit-2) -->
	<item id="4465" /> <!-- Dye of MEN (Men+1 Int-2) -->
	<item id="4466" /> <!-- Dye of MEN (Men+1 Wit-2) -->
	<item id="4467" /> <!-- Dye of WIT (Wit+1 Int-2) -->
	<item id="4468" /> <!-- Dye of WIT (Wit+1 Men-2) -->
	<item id="4481" /> <!-- Greater Dye of STR (Str+1 Con-3) -->
	<item id="4482" /> <!-- Greater Dye of STR (Str+1 Dex-3) -->
	<item id="4483" /> <!-- Greater Dye of CON(Con+1 Str-3) -->
	<item id="4484" /> <!-- Greater Dye of CON(Con+1 Dex-3) -->
	<item id="4485" /> <!-- Greater Dye of DEX (Dex+1 Str-3) -->
	<item id="4486" /> <!-- Greater Dye of DEX (Dex+1 Con-3) -->
	<item id="4487" /> <!-- Greater Dye of INT (Int+1 Men-3) -->
	<item id="4488" /> <!-- Greater Dye of INT (Int+1 Wit-3) -->
	<item id="4489" /> <!-- Greater Dye of MEN (Men+1 Int-3) -->
	<item id="4490" /> <!-- Greater Dye of MEN (Men+1 Wit-3) -->
	<item id="4491" /> <!-- Greater Dye of WIT (Wit+1 Int-3) -->
	<item id="4492" /> <!-- Greater Dye of WIT (Wit+1 Men-3) -->
</list>
