<?xml version="1.0" encoding="UTF-8"?>
<list xmlns:xsi="http://www.w3.org/2001/XMLSchema-instance" xsi:noNamespaceSchemaLocation="../xsd/buylist.xsd">
	<npcs>
		<npc>30834</npc> <!-- Cema -->
	</npcs>
	<item id="9577" /> <!-- Cotton Shirt -->
	<item id="176" /> <!-- Apprentice's Staff -->
	<item id="310" /> <!-- Relic of the Saints -->
	<item id="1104" /> <!-- Stockings of Devotion -->
	<item id="1101" /> <!-- Tunic of Devotion -->
	<item id="102" /> <!-- Round Shield -->
	<item id="50" /> <!-- Leather Gloves -->
	<item id="38" /> <!-- Low Boots -->
	<item id="44" /> <!-- Leather Helmet -->
	<item id="9583" /> <!-- Striped Cotton Shirt -->
	<item id="177" /> <!-- Mage Staff -->
	<item id="311" /> <!-- Crucifix of Blessing -->
	<item id="100" /> <!-- Voodoo Doll -->
	<item id="1105" /> <!-- Stockings of Magic -->
	<item id="1102" /> <!-- Tunic of Magic -->
	<item id="625" /> <!-- Bone Shield -->
	<item id="51" /> <!-- Bracer -->
	<item id="39" /> <!-- Boots -->
	<item id="1148" /> <!-- Durable Leather Helmet -->
	<item id="178" /> <!-- Bone Staff -->
	<item id="101" /> <!-- Scroll of Wisdom -->
	<item id="312" /> <!-- Branch of Life -->
	<item id="314" /> <!-- Proof of Revenge -->
	<item id="465" /> <!-- Cursed Stockings -->
	<item id="432" /> <!-- Cursed Tunic -->
	<item id="626" /> <!-- Bronze Shield -->
	<item id="604" /> <!-- Quality Leather Gloves -->
	<item id="40" /> <!-- Leather Boots -->
	<item id="45" /> <!-- Bone Helmet -->
	<item id="179" /> <!-- Mace of Prayer -->
	<item id="182" /> <!-- Doom Hammer -->
	<item id="183" /> <!-- Mystic Staff -->
	<item id="185" /> <!-- Staff of Mana -->
	<item id="315" /> <!-- Divine Tome -->
	<item id="467" /> <!-- Dark Stockings -->
	<item id="434" /> <!-- White Tunic -->
	<item id="468" /> <!-- Wizard Stockings -->
	<item id="435" /> <!-- Wizard Tunic -->
	<item id="627" /> <!-- Aspis -->
	<item id="605" /> <!-- Leather Gauntlets -->
	<item id="1123" /> <!-- Blue Buckskin Boots -->
	<item id="46" /> <!-- Bronze Helmet -->
	<item id="83" /> <!-- Sword of Magic -->
	<item id="143" /> <!-- Sword of Mystic -->
	<item id="144" /> <!-- Sword of Occult -->
	<item id="238" /> <!-- Dagger of Mana -->
	<item id="239" /> <!-- Mystic Knife -->
	<item id="240" /> <!-- Conjurer's Knife -->
	<item id="241" /> <!-- Shilen Knife -->
	<item id="186" /> <!-- Staff of Magic -->
	<item id="316" /> <!-- Sage's Blood -->
	<item id="317" /> <!-- Tome of Blood -->
	<item id="469" /> <!-- Stockings of Knowledge -->
	<item id="436" /> <!-- Tunic of Knowledge -->
	<item id="628" /> <!-- Hoplon -->
	<item id="63" /> <!-- Gauntlets -->
	<item id="2447" /> <!-- Gloves of Knowledge -->
	<item id="553" /> <!-- Iron Boots -->
	<item id="2423" /> <!-- Boots of Knowledge -->
	<item id="47" /> <!-- Helmet -->
	<item id="9578" /> <!-- Linen Shirt -->
	<item id="90" /> <!-- Goat Head Staff -->
	<item id="318" /> <!-- Crucifix of Blood -->
	<item id="470" /> <!-- Mithril Stockings -->
	<item id="437" /> <!-- Mithril Tunic -->
	<item id="629" /> <!-- Kite Shield -->
	<item id="2493" /> <!-- Brigandine Shield -->
	<item id="606" /> <!-- Rip Gauntlets -->
	<item id="2450" /> <!-- Elven Mithril Gloves -->
	<item id="1124" /> <!-- Boots of Strength -->
	<item id="2426" /> <!-- Elven Mithril Boots -->
	<item id="2411" /> <!-- Brigandine Helmet -->
	<item id="9584" /> <!-- Striped Linen Shirt -->
	<item id="321" /> <!-- Demon's Fangs -->
	<item id="187" /> <!-- Atuba Hammer -->
	<item id="188" /> <!-- Ghost Staff -->
	<item id="189" /> <!-- Staff of Life -->
	<item id="190" /> <!-- Atuba Mace -->
	<item id="438" /> <!-- Sage's Rags -->
	<item id="630" /> <!-- Square Shield -->
	<item id="2494" /> <!-- Plate Shield -->
	<item id="61" /> <!-- Mithril Gloves -->
	<item id="607" /> <!-- Ogre Power Gauntlets -->
	<item id="2451" /> <!-- Sage's Worn Gloves -->
	<item id="1125" /> <!-- Assault Boots -->
	<item id="2427" /> <!-- Salamander Skin Boots -->
	<item id="2428" /> <!-- Plate Boots -->
	<item id="2412" /> <!-- Plate Helmet -->
</list>