<?xml version="1.0" encoding="UTF-8"?>
<list xmlns:xsi="http://www.w3.org/2001/XMLSchema-instance" xsi:noNamespaceSchemaLocation="../xsd/buylist.xsd">
	<npcs>
		<npc>30830</npc> <!-- Joey -->
	</npcs>
	<item id="2505" /> <!-- Iron Canine -->
	<item id="3439" /> <!-- Shining Canine -->
	<item id="3902" /> <!-- Ghost Canine -->
	<item id="3903" /> <!-- Mithril Canine -->
	<item id="3904" /> <!-- Sylvan Canine -->
	<item id="3905" /> <!-- Oriharukon Canine -->
	<item id="3906" /> <!-- Fang of Saltydog -->
	<item id="2506" /> <!-- Wolf's Leather Armor -->
	<item id="3891" /> <!-- Wolf's Hide Armor -->
	<item id="3892" /> <!-- Wolf's Durable Leather Armor -->
	<item id="3893" /> <!-- Wolf's Wooden Armor -->
	<item id="3894" /> <!-- Wolf's Ring Mail -->
	<item id="3895" /> <!-- Wolf's Bone Armor -->
	<item id="3896" /> <!-- Wolf's Scale Mail -->
	<item id="2515" /> <!-- Wolf Food -->
	<item id="14818" /> <!-- Enriched Pet Food -->
	<item id="3920" /> <!-- Viperbite -->
	<item id="3921" /> <!-- Shadow Fang -->
	<item id="3922" /> <!-- Alya Fang -->
	<item id="3923" /> <!-- Torturer -->
	<item id="5187" /> <!-- Serpentine Grinder -->
	<item id="5188" /> <!-- Fang of Dahak -->
	<item id="3913" /> <!-- Hatchling's Scale Mail -->
	<item id="3914" /> <!-- Hatchling's Brigandine -->
	<item id="3915" /> <!-- Hatchling's Bronze Coat -->
	<item id="3916" /> <!-- Hatchling's Steel Coat -->
	<item id="5182" /> <!-- Hatchling's Gorgon Coat -->
	<item id="5183" /> <!-- Hatchling's Ophidian Plate -->
	<item id="4038" /> <!-- Hatchling Food -->
	<item id="5176" /> <!-- Serpentine Spike -->
	<item id="5177" /> <!-- Drake Horn -->
	<item id="5178" /> <!-- Assault Alicorn -->
	<item id="5170" /> <!-- Mithril Panzer Coat -->
	<item id="5171" /> <!-- Brigandine Panzer Coat -->
	<item id="5172" /> <!-- Draconic Panzer Coat -->
	<item id="5168" /> <!-- Strider Food -->
	<item id="6645" /> <!-- Beast Soulshot -->
	<item id="6646" /> <!-- Beast Spiritshot -->
	<item id="6647" /> <!-- Blessed Beast Spiritshot -->
	<item id="7582" /> <!-- Baby Spice -->
	<item id="8541" /> <!-- Little Harness -->
	<item id="9656" /> <!-- Reinforced Wolf Fang -->
	<item id="9657" /> <!-- Reinforced Coyote Fang -->
	<item id="9658" /> <!-- Reinforced Saltydog Fang -->
	<item id="9662" /> <!-- Great Wolf Scale Armor -->
	<item id="9663" /> <!-- Great Wolf Bronze Armor -->
	<item id="9664" /> <!-- Great Wolf Plate Armor -->
	<item id="9668" /> <!-- Great Wolf Food -->
	<item id="10515" /> <!-- Beast Soulshot Compressed Pack -->
	<item id="10516" /> <!-- Beast Spiritshot Compressed Pack -->
	<item id="10517" /> <!-- Blessed Beast Spiritshot Compressed Pack -->
	<item id="10425" /> <!-- Improved Baby Pet Food -->
	<item id="12740" /> <!-- Baby Pet Scale Armor -->
	<item id="12741" /> <!-- Baby Pet Bronze Armor -->
	<item id="12742" /> <!-- Baby Pet Plate Armor -->
	<item id="12743" /> <!-- Baby Pet Mithril Armor -->
	<item id="12744" /> <!-- Baby Pet Oriharukon Armor -->
	<item id="12745" /> <!-- Baby Pet Orichalcum Armor -->
	<item id="12746" /> <!-- Crystal Pendant -->
	<item id="12747" /> <!-- Ruby Pendant -->
	<item id="12748" /> <!-- Sapphire Pendant -->
	<item id="12749" /> <!-- Diamond Pendant -->
	<item id="12750" /> <!-- Enria Pendant -->
	<item id="12751" /> <!-- Thons Pendant -->
	<item id="12752" /> <!-- Asofe Pendant -->
</list>