<?xml version="1.0" encoding="UTF-8"?>
<list xmlns:xsi="http://www.w3.org/2001/XMLSchema-instance" xsi:noNamespaceSchemaLocation="../xsd/buylist.xsd">
	<npcs>
		<npc>30834</npc> <!-- Cema -->
	</npcs>
	<item id="1835" /> <!-- Soulshot (No-grade) -->
	<item id="2509" /> <!-- Spiritshot (No-grade) -->
	<item id="3947" /> <!-- Blessed Spiritshot (No-grade) -->
	<item id="5146" /> <!-- Blessed Spiritshot Compressed Package (No-grade) -->
	<item id="5140" /> <!-- Spiritshot Compressed Package (No-grade) -->
	<item id="5134" /> <!-- Soulshot Compressed Package (No-grade) -->
	<item id="5262" /> <!-- Greater Blessed Spiritshot Compressed Package (No-grade) -->
	<item id="5256" /> <!-- Greater Spiritshot Compressed Package (No-grade) -->
	<item id="5250" /> <!-- Greater Soulshot Compressed Package (No-grade) -->
	<item id="17" /> <!-- Wooden Arrow -->
	<item id="1341" /> <!-- Bone Arrow -->
	<item id="1342" /> <!-- Steel Arrow -->
	<item id="1060" /> <!-- Healing Potion -->
	<item id="1061" /> <!-- Major Healing Potion -->
	<item id="1540" /> <!-- Quick Healing Potion -->
	<item id="1831" /> <!-- Antidote -->
	<item id="1832" /> <!-- Greater Antidote -->
	<item id="1833" /> <!-- Bandage -->
	<item id="1834" /> <!-- Emergency Dressing -->
	<item id="734" /> <!-- Wind Walk Potion -->
	<item id="735" /> <!-- Haste Potion -->
	<item id="6035" /> <!-- Magic Haste Potion -->
	<item id="6037" /> <!-- Scroll: Cancel Sleep -->
	<item id="736" /> <!-- Scroll of Escape -->
	<item id="737" /> <!-- Scroll of Resurrection -->
	<item id="1829" /> <!-- Scroll of Escape: Clan Hall -->
	<item id="1830" /> <!-- Scroll of Escape: Castle -->
	<item id="5589" /> <!-- Momentum Stone -->
	<item id="1661" /> <!-- Thief Key -->
	<item id="9633" /> <!-- Bone Bolt -->
	<item id="9634" /> <!-- Steel Bolt -->
	<item id="10409" /> <!-- A Bottle of Souls -->
	<item id="4625" /> <!-- Dice (Heart) -->
	<item id="4626" /> <!-- Dice (Spade) -->
	<item id="4627" /> <!-- Dice (Clover) -->
	<item id="4628" /> <!-- Dice (Diamond) -->
	<item id="32249" /> <!-- Infinite Wooden Quiver -->
	<item id="32250" /> <!-- Infinite Bone Quiver -->
	<item id="32251" /> <!-- Infinite Steel Quiver -->
	<item id="32257" /> <!-- Infinite Bone Bolt Container -->
	<item id="32258" /> <!-- Infinite Steel Bolt Container -->
	<item id="36598" /> <!-- Scroll: Restore Equipment (R-grade) -->
	<item id="36599" /> <!-- Scroll: Restore Equipment (S-grade) -->
	<item id="36600" /> <!-- Scroll: Restore Equipment (A-grade) -->
	<item id="36601" /> <!-- Scroll: Restore Equipment (B-grade) -->
	<item id="36602" /> <!-- Scroll: Restore Equipment (C-grade) -->
	<item id="36603" /> <!-- Scroll: Restore Equipment (D-grade) -->
	<item id="37493" /> <!-- Hair Accessory Restoration Stone -->
	<item id="32256" /> <!-- Infinite Wooden Bolt Container -->
</list>