<?xml version="1.0" encoding="UTF-8"?>
<list xmlns:xsi="http://www.w3.org/2001/XMLSchema-instance" xsi:noNamespaceSchemaLocation="../xsd/buylist.xsd">
	<npcs>
		<npc>30838</npc> <!-- Woodley -->
	</npcs>
	<item id="9577" /> <!-- Cotton Shirt -->
	<item id="412" /> <!-- Cotton Pants -->
	<item id="390" /> <!-- Cotton Shirt -->
	<item id="24" /> <!-- Bone Breastplate -->
	<item id="31" /> <!-- Bone Gaiters -->
	<item id="102" /> <!-- Round Shield -->
	<item id="50" /> <!-- Leather Gloves -->
	<item id="38" /> <!-- Low Boots -->
	<item id="44" /> <!-- Leather Helmet -->
	<item id="9583" /> <!-- Striped Cotton Shirt -->
	<item id="25" /> <!-- Piece Bone Breastplate -->
	<item id="32" /> <!-- Piece Bone Gaiters -->
	<item id="26" /> <!-- Bronze Breastplate -->
	<item id="33" /> <!-- Durable Leather Gaiters -->
	<item id="27" /> <!-- Durable Leather Shirt -->
	<item id="34" /> <!-- Bronze Gaiters -->
	<item id="625" /> <!-- Bone Shield -->
	<item id="51" /> <!-- Bracer -->
	<item id="39" /> <!-- Boots -->
	<item id="1148" /> <!-- Durable Leather Helmet -->
	<item id="413" /> <!-- Puma Skin Gaiters -->
	<item id="347" /> <!-- Ring Breastplate -->
	<item id="391" /> <!-- Puma Skin Shirt -->
	<item id="376" /> <!-- Iron Plate Gaiters -->
	<item id="626" /> <!-- Bronze Shield -->
	<item id="604" /> <!-- Quality Leather Gloves -->
	<item id="40" /> <!-- Leather Boots -->
	<item id="45" /> <!-- Bone Helmet -->
	<item id="414" /> <!-- Lion Skin Gaiters -->
	<item id="392" /> <!-- Lion Skin Shirt -->
	<item id="348" /> <!-- Scale Mail -->
	<item id="377" /> <!-- Scale Gaiters -->
	<item id="627" /> <!-- Aspis -->
	<item id="605" /> <!-- Leather Gauntlets -->
	<item id="1123" /> <!-- Blue Buckskin Boots -->
	<item id="46" /> <!-- Bronze Helmet -->
	<item id="349" /> <!-- Compound Scale Mail -->
	<item id="350" /> <!-- Dwarven Scale Mail -->
	<item id="58" /> <!-- Mithril Breastplate -->
	<item id="59" /> <!-- Mithril Gaiters -->
	<item id="416" /> <!-- Reinforced Leather Gaiters -->
	<item id="351" /> <!-- Breastplate -->
	<item id="378" /> <!-- Compound Scale Gaiters -->
	<item id="379" /> <!-- Dwarven Scale Gaiters -->
	<item id="393" /> <!-- Mithril Banded Mail -->
	<item id="415" /> <!-- Mithril Banded Gaiters -->
	<item id="394" /> <!-- Reinforced Leather Shirt -->
	<item id="628" /> <!-- Hoplon -->
	<item id="63" /> <!-- Gauntlets -->
	<item id="2446" /> <!-- Reinforced Leather Gloves -->
	<item id="553" /> <!-- Iron Boots -->
	<item id="2422" /> <!-- Reinforced Leather Boots -->
	<item id="47" /> <!-- Helmet -->
	<item id="9578" /> <!-- Linen Shirt -->
	<item id="2378" /> <!-- Brigandine Gaiters -->
	<item id="352" /> <!-- Brigandine -->
	<item id="395" /> <!-- Manticore Skin Shirt -->
	<item id="417" /> <!-- Manticore Skin Gaiters -->
	<item id="2377" /> <!-- Mithril Scale Gaiters -->
	<item id="629" /> <!-- Kite Shield -->
	<item id="2493" /> <!-- Brigandine Shield -->
	<item id="606" /> <!-- Rip Gauntlets -->
	<item id="2448" /> <!-- Manticore Skin Gloves -->
	<item id="2449" /> <!-- Brigandine Gauntlets -->
	<item id="1124" /> <!-- Boots of Strength -->
	<item id="2424" /> <!-- Manticore Skin Boots -->
	<item id="2425" /> <!-- Brigandine Boots -->
	<item id="2411" /> <!-- Brigandine Helmet -->
	<item id="9584" /> <!-- Striped Linen Shirt -->
	<item id="353" /> <!-- Half Plate Armor -->
	<item id="380" /> <!-- Plate Gaiters -->
	<item id="396" /> <!-- Salamander Skin Mail -->
	<item id="630" /> <!-- Square Shield -->
	<item id="2494" /> <!-- Plate Shield -->
	<item id="61" /> <!-- Mithril Gloves -->
	<item id="607" /> <!-- Ogre Power Gauntlets -->
	<item id="1125" /> <!-- Assault Boots -->
	<item id="2427" /> <!-- Salamander Skin Boots -->
	<item id="2428" /> <!-- Plate Boots -->
	<item id="2412" /> <!-- Plate Helmet -->
	<item id="62" /> <!-- Reinforced Mithril Boots -->
	<item id="354" /> <!-- Chain Mail Shirt -->
	<item id="381" /> <!-- Chain Gaiters -->
	<item id="397" /> <!-- Reinforced Mithril Shirt -->
	<item id="631" /> <!-- Eldarake -->
	<item id="2387" /> <!-- Reinforced Mithril Gaiters -->
	<item id="2429" /> <!-- Chain Boots -->
	<item id="2431" /> <!-- Plated Leather Boots -->
	<item id="2432" /> <!-- Dwarven Chain Boots -->
	<item id="2433" /> <!-- Boots of Seal -->
	<item id="2452" /> <!-- Reinforced Mithril Gloves -->
	<item id="2453" /> <!-- Chain Gloves -->
	<item id="2495" /> <!-- Chain Shield -->
	<item id="398" /> <!-- Plated Leather Armor -->
	<item id="418" /> <!-- Plated Leather Gaiters -->
	<item id="2455" /> <!-- Plated Leather Gloves -->
	<item id="2496" /> <!-- Dwarven Chain Shield -->
	<item id="632" /> <!-- Knight's Shield -->
	<item id="382" /> <!-- Dwarven Chain Gaiters -->
	<item id="419" /> <!-- Rind Leather Gaiters -->
	<item id="500" /> <!-- Great Helmet -->
	<item id="2456" /> <!-- Dwarven Chain Gloves -->
	<item id="2457" /> <!-- Gloves of Seal -->
	<item id="2458" /> <!-- Rind Leather Gloves -->
	<item id="1126" /> <!-- Crimson Boots -->
	<item id="2434" /> <!-- Rind Leather Boots -->
	<item id="355" /> <!-- Dwarven Chain Mail Shirt -->
	<item id="399" /> <!-- Rind Leather Armor -->
	<item id="60" /> <!-- Compound Armor -->
	<item id="103" /> <!-- Tower Shield -->
	<item id="107" /> <!-- Compound Shield -->
	<item id="517" /> <!-- Compound Helmet -->
	<item id="1149" /> <!-- Shining Circlet -->
	<item id="608" /> <!-- Mithril Gauntlets -->
	<item id="64" /> <!-- Compound Boots -->
	<item id="420" /> <!-- Theca Leather Gaiters -->
	<item id="2460" /> <!-- Theca Leather Gloves -->
	<item id="2436" /> <!-- Theca Leather Boots -->
	<item id="400" /> <!-- Theca Leather Armor -->
	<item id="356" /> <!-- Full Plate Armor -->
	<item id="401" /> <!-- Drake Leather Armor -->
	<item id="2497" /> <!-- Full Plate Shield -->
	<item id="2414" /> <!-- Full Plate Helmet -->
	<item id="2461" /> <!-- Drake Leather Gloves -->
	<item id="2462" /> <!-- Full Plate Gauntlets -->
	<item id="2437" /> <!-- Drake Leather Boots -->
	<item id="2438" /> <!-- Full Plate Boots -->
</list>